company_slug,company_name,employee_name,job_title,connection_degree,profile_url,exp_job_title,exp_company,work_type,exp_date_range,state,exp_duration,exp_location,ville
laboratoire-sothema,Sothema,Hamza OUSSAYEH,Network and Telecommunications Technician,2e,https://www.linkedin.com/in/hamza-oussayeh-3b60b3205,Sothema,4 ans 7 mois,none,none,none,none,none,"Bouskoura, Casablanca-Settat, Maroc"
laboratoire-sothema,Sothema,Yasmine HATIMY,"QA Manager, PharmD",3e,https://www.linkedin.com/in/yasminehatimy,Sothema,Temps plein,4 ans 2 mois-,none,none,none,none,"Préfecture de Casablanca, Casablanca-Settat, Maroc"
laboratoire-sothema,Sothema,Amina Idbelaid,Gestionnaire RH chez Sothema,3e,https://www.linkedin.com/in/amina-idbelaid-638121287,Gestionnaire RH,Sothema,Temps plein,01/2018,aujourd'hui,8 ans 7 mois,Casablanca et périphérie · Sur site,"Casablanca, Casablanca-Settat, Maroc"
laboratoire-sothema,Sothema,ZERHOUN FIRDAWSS,HSE,2e,https://www.linkedin.com/in/zerhoun-firdawss-1a823724a,Spécialiste HSE,Sothema,Temps plein,07/2025,aujourd'hui,1 an 1 mois,none,"Préfecture de Casablanca, Casablanca-Settat, Maroc"
laboratoire-sothema,Sothema,Ayoub Boutou,Électromécanicien,3e,https://www.linkedin.com/in/ayoub-boutou-657a6b201,Électricien,Sothema,Temps plein,09/2018,aujourd'hui,7 ans 11 mois,"Bouskoura, Casablanca-Settat, Maroc · Sur site","Casablanca, Casablanca-Settat, Maroc"
laboratoire-sothema,Sothema,Redouane MAHER,Energy and utilities manager,3e,https://www.linkedin.com/in/redouane-maher-22315010a,Sothema,Temps plein,19 ans 1 mois-,none,none,none,none,"Préfecture de Casablanca, Casablanca-Settat, Maroc"
laboratoire-sothema,Sothema,Fatima DAROUICH,Responsable administrative et financière,3e,https://www.linkedin.com/in/fatima-darouich-a2512744,Responsable administrative et financière,Sothema,Temps plein,06/2003,aujourd'hui,23 ans 2 mois,CASABLANCA,none
laboratoire-sothema,Sothema,Soufiane Zouani,Magasinier chez Sothema | Licence professionnelle en Achats & Logistique Internationale,3e,https://www.linkedin.com/in/soufiane-zouani-86318b166,Magasinier,Sothema,Temps plein,09/2022,aujourd'hui,3 ans 11 mois,"arrondissement d'Aïn Sebaâ, Casablanca-Settat, Maroc · Sur site","Casablanca-Settat, Maroc"
laboratoire-sothema,Sothema,Madiha Ifrah,Technicienne Assurance Qualité,3e,https://www.linkedin.com/in/madiha-ifrah-8782b5252,Technicienne assurance qualité,Sothema,none,11/2023,aujourd'hui,2 ans 9 mois,Maroc · Sur site,"Casablanca, Casablanca-Settat, Maroc"
pharmas-d.o.o.,PharmaS,Jerko Jaksic,CEO at PharmaS,2e,https://www.linkedin.com/in/jerko-jaksic-ba5b4b13,CEO,Pharmas d.o.o.,Temps plein,07/2013,aujourd'hui,13 ans 1 mois,Croatie,none
pharmas-d.o.o.,PharmaS,Gordan Badurina,COO at Pharmas d.o.o.,2e,https://www.linkedin.com/in/gordan-badurina-543a83,COO,Pharmas d.o.o.,none,10/2013,aujourd'hui,12 ans 10 mois,Zagreb,none
pharmas-d.o.o.,PharmaS,Ivan Novak,Head of Product Development,3e,https://www.linkedin.com/in/ivan-novak-4929b718a,PharmaS,9 ans 1 mois,none,none,none,none,none,none
pharmas-d.o.o.,PharmaS,Jasna T.,GMP specialist,3e,https://www.linkedin.com/in/jasna-turk,Expert Associate in laboratory,PharmaS,Temps plein,05/2025,aujourd'hui,1 an 3 mois,none,none
pharmas-d.o.o.,PharmaS,Aleksandra Ikodinović,Product Manager at PharmaS d.o.o.,3e,https://www.linkedin.com/in/aleksandra-ikodinovi%C4%87-761467169,Pharmas d.o.o.,9 ans 10 mois,none,none,none,none,none,none
laprophan,LAPROPHAN,Mohamed Azad Mohamed,délégué pharmaceutique chez LAPROPHAN,2e,https://www.linkedin.com/in/mohamed-azad-mohamed-57047284,none,none,none,none,none,none,none,none
laprophan,LAPROPHAN,hanane Belbachir,Production Employee chez Laprophan,3e,https://www.linkedin.com/in/hanane-belbachir-890520154,none,none,none,none,none,none,none,"Casablanca-Settat, Maroc"
laprophan,LAPROPHAN,Abdelali Nassih,Head of Logistics | SAP S/4HANA & ECC Expert | Digital Supply Chain Transformation,3e,https://www.linkedin.com/in/abdelali-nassih-65016b152,Head of logistics,Laprophan,Temps plein,08/2023,aujourd'hui,3 ans,Maroc · Sur site,"Préfecture de Casablanca, Casablanca-Settat, Maroc"
laprophan,LAPROPHAN,Hakim Atik,Cadre en Ressources Humaines,3e,https://www.linkedin.com/in/hakim-atik-577b0095,none,none,none,none,none,none,none,"Préfecture de Casablanca, Casablanca-Settat, Maroc"
laprophan,LAPROPHAN,ISMAIL TAYBI,superviseur de production chez LAPROPHAN S.A,3e,https://www.linkedin.com/in/ismail-taybi-002799248,Superviseur de production,LAPROPHAN,Temps plein,09/2022,aujourd'hui,3 ans 11 mois,Casablanca · Sur site,"Préfecture de Casablanca, Casablanca-Settat, Maroc"
laprophan,LAPROPHAN,khalid el maimouni,Responsable service analytique RD,3e,https://www.linkedin.com/in/khalid-el-maimouni-b898837b,Senior R&D analyst,LAPROPHAN,Temps plein,02/2004,aujourd'hui,22 ans 6 mois,"Casablanca, Grand Casablanca, Morocco","Casablanca-Settat, Maroc"
laprophan,LAPROPHAN,Abdelali Mouanis,Sterile production supervisor,3e,https://www.linkedin.com/in/abdelali-mouanis-653685198,Chef d'atelier forme Injectable,LAPROPHAN S.A.,Temps plein,02/2014,aujourd'hui,12 ans 6 mois,"Préfecture de Casablanca, Casablanca-Settat, Maroc","Préfecture de Mohammédia, Casablanca-Settat, Maroc"
laprophan,LAPROPHAN,Said Rouane,RESPONSABLE DE LABORATOIRE,3e,https://www.linkedin.com/in/said-rouane-22ba88257,Adjoint responsable du laboratoire,LAPROPHAN S.A.,Temps plein,05/2000,aujourd'hui,26 ans 3 mois,"Casablanca-Settat, Maroc · Sur site","Casablanca, Casablanca-Settat, Maroc"
laprophan,LAPROPHAN,Rachid A.,Responsable HSE,3e,https://www.linkedin.com/in/rachid-a-96889952,Responsable HSE,Laprophan,Temps plein,07/2022,aujourd'hui,4 ans 1 mois,"Préfecture de Casablanca, Maroc","Préfecture de Casablanca, Casablanca-Settat, Maroc"
maphar,Maphar,Amine Jmaatou,ONEE,3e,https://www.linkedin.com/in/amine-jmaatou-a8439b136,Spécialiste commandes,Office national de l'electricité et de l'eau potable - Branche Electricité,none,05/2024,aujourd'hui,2 ans 3 mois,none,"Préfecture de Casablanca, Casablanca-Settat, Maroc"
maphar,Maphar,Aya Talaat idrissi,Chargée de validation | Étudiante en Master 2 Techniques d'Analyses Industrielles et Management de la Qualité,3e,https://www.linkedin.com/in/aya-talaat-idrissi,Chargée de validation,Maphar,none,11/2025,aujourd'hui,9 mois,"Casablanca-Settat, Maroc","Casablanca, Casablanca-Settat, Maroc"
maphar,Maphar,Wissal Yakine,HR Generalist - Maphar CFAO Healthcare,3e,https://www.linkedin.com/in/wissal-yakine-81116b1a2,Maphar,Temps plein,1 an 8 mois-,none,none,none,none,"Préfecture de Casablanca, Casablanca-Settat, Maroc"
maphar,Maphar,Fatima-Ezzahra DAZZAZI,Analyste Laboratoire,3e,https://www.linkedin.com/in/fatima-ezzahra-dazzazi-39253118a,Analyste de laboratoire,Maphar,Temps plein,04/2023,aujourd'hui,3 ans 4 mois,"Casablanca-Settat, Maroc · Sur site",none
maphar,Maphar,Mohammed Ismaili,Docteur en Pharmacie,3e,https://www.linkedin.com/in/mohammed-ismaili2000,Pharmacien Assurance Qualité - Produit,Maphar,Temps plein,04/2025,aujourd'hui,1 an 4 mois,- Pilotage du système Qualité Supply Chain en conformité avec les BPD et standards internes.,none
maphar,Maphar,Kamal Rafiq,Quality analyst,3e,https://www.linkedin.com/in/kamal-rafiq-74431a99,none,none,none,none,none,none,none,"Préfecture de Casablanca, Casablanca-Settat, Maroc"
maphar,Maphar,wiam moslih,Business Partneships Analyst,3e,https://www.linkedin.com/in/wiam-moslih-982b58172,Maphar,Temps plein,5 ans 2 mois-,none,none,none,none,"Préfecture de Casablanca, Casablanca-Settat, Maroc"
maphar,Maphar,Btissam Benchiheb,Analyste laboratoire,3e,https://www.linkedin.com/in/btissam-benchiheb-aa5469225,Analyste de laboratoire pharmaceutique,Maphar,Temps plein,04/2026,aujourd'hui,4 mois,Casablanca Maroc,"Casablanca-Settat, Maroc"
maphar,Maphar,Salma El Menouar,Ingénieur en technologie médicale et industrie pharmaceutique et cosmétique,3e,https://www.linkedin.com/in/salma-el-menouar-1a709a2b3,Ingénieur stagiaire,Maphar,Stage,02/2026,aujourd'hui,6 mois,"Casablanca, Casablanca-Settat, Maroc · Sur site","Casablanca, Casablanca-Settat, Maroc"
maphar,Maphar,HIND AIT MANSOUR,Pharmacist,3e,https://www.linkedin.com/in/hind-ait-mansour-49b74b231,Maphar,Temps plein,2 ans 6 mois-,none,none,none,none,"Casablanca, Casablanca-Settat, Maroc"
maphar,Maphar,Zaynab Khalid,Support IT Team Lead,3e,https://www.linkedin.com/in/zaynab-khalid-700711146,Support IT Team Lead,Maphar,Temps plein,05/2025,aujourd'hui,1 an 3 mois,"Casablanca-Settat, Maroc","Préfecture de Casablanca, Casablanca-Settat, Maroc"
afric-phar,Afric Phar,Fatima zahra Aafifi,Chargée administration personnel,2e,https://www.linkedin.com/in/fatima-zahra-aafifi-570b701a4,Chargée administration personnel,Afric Phar,Temps plein,02/2024,aujourd'hui,2 ans 6 mois,Casablanca et périphérie · Sur site,"Casablanca, Casablanca-Settat, Maroc"
afric-phar,Afric Phar,Nouaicir Hasnaa,Industrie pharmaceutique,3e,https://www.linkedin.com/in/nouaicir-hasnaa-3593b3177,Chargé d'appel d'offres,Afric Phar,Temps plein,11/2013,aujourd'hui,12 ans 9 mois,none,none
afric-phar,Afric Phar,Hassan Elmouden,Analyste Développement et Validation Analytique,3e,https://www.linkedin.com/in/hassan-elmouden-a9ab57184,Validation analytique,Afric Phar,Temps plein,05/2022,aujourd'hui,4 ans 3 mois,Maroc · Sur site,"Préfecture de Casablanca, Casablanca-Settat, Maroc"
afric-phar,Afric Phar,Amine RACHADI,Pharmacien de production,3e,https://www.linkedin.com/in/amine-rachadi-5611b9151,Pharmacien de production,Afric Phar,Temps plein,04/2021,aujourd'hui,5 ans 4 mois,"Casablanca-Settat, Maroc","Casablanca-Settat, Maroc"
afric-phar,Afric Phar,Soufiane Hadadi,analyste laboratoire,3e,https://www.linkedin.com/in/soufiane-hadadi-328b97218,Analyste en validation de nettoyage,Afric Phar,none,10/2025,aujourd'hui,10 mois,none,"Préfecture de Casablanca, Casablanca-Settat, Maroc"
afric-phar,Afric Phar,امينة اكراي,Secretary في Afric Phar,3e,https://www.linkedin.com/in/%D8%A7%D9%85%D9%8A%D9%86%D8%A9-%D8%A7%D9%83%D8%B1%D8%A7%D9%8A-1710991b2,Secretary,Afric Phar,none,none,none,none,none,"Casablanca, Casablanca-Settat, Maroc"
afric-phar,Afric Phar,Meryem Zaydi,Cadre RH,3e,https://www.linkedin.com/in/meryem-zaydi-229297a6,Afric Phar,9 ans 3 mois,none,none,none,none,none,none
afric-phar,Afric Phar,chaimaa Bekri,Chef de produit,3e,https://www.linkedin.com/in/chaimaa-bekri-184069152,Chef de produit senior,Afric Phar,Temps plein,03/2024,aujourd'hui,2 ans 5 mois,"Casablanca-Settat, Maroc · Sur site","Casablanca-Settat, Maroc"
afric-phar,Afric Phar,Hatim Mikou,Medical Sales Representative,3e,https://www.linkedin.com/in/hatim-mikou-a00320142,Medical Sales Representative,Afric Phar,Temps plein,12/2022,aujourd'hui,3 ans 8 mois,"Oujda, Oriental, Maroc","Oujda, Oriental, Maroc"
afric-phar,Afric Phar,Meryem S.,"M.D. , Medical Affairs.",3e,https://www.linkedin.com/in/meryem-sedraty,"Medical Affairs Manager - Morocco, West Africa",Afric Phar,Temps plein,04/2023,aujourd'hui,3 ans 4 mois,Maroc · Sur site,none
afric-phar,Afric Phar,HAJAR A.,Manager Assurance Qualité chez Cooper Pharma,3e,https://www.linkedin.com/in/hajar-a-468265126,Manager Assurance Qualité,Cooper Pharma,Temps plein,10/2025,aujourd'hui,10 mois,Casablanca et périphérie · Sur site,"Casablanca-Settat, Maroc"
afric-phar,Afric Phar,Rima Dernouny,déléguée médicale,3e,https://www.linkedin.com/in/rima-dernouny-74687b171,Afric Phar,2 ans 11 mois,none,none,none,none,none,none
cooper-pharma,Cooper Pharma,OTHMANE EL KHADDAR,Software Engineering at Cooper pharma,2e,https://www.linkedin.com/in/othmane-el-khaddar,Software Engineer,Cooper Pharma,Temps plein,02/2025,aujourd'hui,1 an 6 mois,"Casablanca-Settat, Maroc · Sur site","Préfecture de Casablanca, Casablanca-Settat, Maroc"
cooper-pharma,Cooper Pharma,ZINEB ELKETTAOUI,Cadre Administratif RH,3e,https://www.linkedin.com/in/zineb-elkettaoui-68341313a,Cadre administratif,Cooper Pharma,Temps plein,06/2016,aujourd'hui,10 ans 2 mois,"Préfecture de Casablanca, Casablanca-Settat, Maroc","Casablanca-Settat, Maroc"
cooper-pharma,Cooper Pharma,Rachid Sadik,Software Engineer,3e,https://www.linkedin.com/in/rachid-sadik,Ingénieur Support et Développement SI,Cooper Pharma,Temps plein,05/2023,aujourd'hui,3 ans 3 mois,Casablanca et périphérie,"Casablanca, Casablanca-Settat, Maroc"
cooper-pharma,Cooper Pharma,Brahim Aloui,Analyste de laboratoire,2e,https://www.linkedin.com/in/brahim-aloui-34278b209,Analyste laboratoire,Pharma 5 Officiel,Temps plein,07/2025,aujourd'hui,1 an 1 mois,"Bouskoura, Casablanca-Settat, Maroc · Sur site","Casablanca, Casablanca-Settat, Maroc"
cooper-pharma,Cooper Pharma,Wissal Dehaj,HR junior,3e,https://www.linkedin.com/in/wissal-dehaj-234b9b261,HR junior,Cooper Pharma,Temps plein,05/2025,aujourd'hui,1 an 3 mois,"Casablanca, Casablanca-Settat, Maroc · Sur site","Casablanca, Casablanca-Settat, Maroc"
cooper-pharma,Cooper Pharma,soumia Cadi haja,Pharmaceutical development Analyst & Quality Control at Cooper Pharma,3e,https://www.linkedin.com/in/soumia-cadi-haja-2479b818b,Pharmaceutical development Analyst & Quality Control,Cooper Pharma,none,01/2021,aujourd'hui,5 ans 7 mois,none,none
cooper-pharma,Cooper Pharma,Wafaa Elouardi,Manager Laboratoire Microbiologie,3e,https://www.linkedin.com/in/wafaa-elouardi-34152797,Cooper Pharma,Temps plein,19 ans 3 mois-,none,none,none,none,none
cooper-pharma,Cooper Pharma,Raji Abderrazak,Préparateur en pharmacie chez Cooper Pharma,3e,https://www.linkedin.com/in/raji-abderrazak-1a4353326,Préparateur en pharmacie,Cooper Pharma,none,none,none,none,none,"Casablanca, Casablanca-Settat, Maroc"
cooper-pharma,Cooper Pharma,Meryem Ben seddiq,Manager assurance qualité chez Cooper Pharma,3e,https://www.linkedin.com/in/meryem-ben-seddiq-24b05230a,Manager de l'assurance qualité,Cooper Pharma,Temps plein,02/2019,aujourd'hui,7 ans 6 mois,"Casablanca-Settat, Maroc · Sur site","Casablanca, Casablanca-Settat, Maroc"
cooper-pharma,Cooper Pharma,mouhssine ettazi,quality control microbiologist at Copper Pharma,3e,https://www.linkedin.com/in/mouhssine-ettazi,Quality control microbiologist,Cooper Pharma,Temps plein,12/2023,aujourd'hui,2 ans 8 mois,"Casablanca-Settat, Maroc · Sur site","Casablanca, Casablanca-Settat, Maroc"
synthemedic,Synthemedic,Sarra Medlamane,Medical Sales Representative | Expérience en visite médicale & négociation,3e,https://www.linkedin.com/in/sarra-medlamane-172926196,Deleguée médicale,Synthemedic,Temps plein,11/2025,aujourd'hui,9 mois,"Casablanca-Settat, Maroc · Sur site",none
synthemedic,Synthemedic,IMANE SADEK,Analyste de laboratoire,3e,https://www.linkedin.com/in/imane-sadek-b68583147,Stagiaire,Shell & Vivo Lubricants,Stage,03/2017 - 08/2017,none,6 mois,"Casablanca,Maroc","Casablanca-Settat, Maroc"
synthemedic,Synthemedic,ELMAHDI QAMAR,Labortoiar pharmaceutique chez Synthemedic,3e,https://www.linkedin.com/in/elmahdi-qamar-0a988b2a6,Opérateur production,Synthemedic,Temps plein,01/2023,aujourd'hui,3 ans 7 mois,"Casablanca-Settat, Maroc · Sur site","Casablanca-Settat, Maroc"
synthemedic,Synthemedic,Faiz Khalid,En poste (secteur : Logistique et chaîne d'approvisionnement),3e,https://www.linkedin.com/in/faiz-khalid-762b34107,none,none,none,none,none,none,none,none
synthemedic,Synthemedic,Abdelmoine Moujabbir,technicien de maintenance,3e,https://www.linkedin.com/in/abdelmoine-moujabbir-4b5583266,Technicien maintenance,Synthemedic,none,07/2022,aujourd'hui,4 ans 1 mois,"Casablanca-Settat, Maroc","Casablanca, Casablanca-Settat, Maroc"
synthemedic,Synthemedic,Wafaa GHAZOUI,Agent assurance qualité chez Synthemedic,3e,https://www.linkedin.com/in/wafaa-ghazoui-917a2116a,Agent assurance qualité,Synthemedic,Temps plein,06/2021,aujourd'hui,5 ans 2 mois,"Casablanca-Settat, Maroc","Casablanca-Settat, Maroc"
synthemedic,Synthemedic,Youness Elhousni,Technicien de maintenance,3e,https://www.linkedin.com/in/youness-elhousni-867793207,Technicien maintenance,Synthemedic,Temps plein,06/2020,aujourd'hui,6 ans 2 mois,"Casablanca-Settat, Maroc","arrondissement de Moulay Rachid, Casablanca-Settat, Maroc"
synthemedic,Synthemedic,Benrafai Mohamed,Opérateur de production,3e,https://www.linkedin.com/in/benrafai-mohamed-921b4a1bb,Opérateur,Synthemedic,none,02/2022,aujourd'hui,4 ans 6 mois,none,"Casablanca, Casablanca-Settat, Maroc"
synthemedic,Synthemedic,Salma Saber,Déléguée médicale,3e,https://www.linkedin.com/in/salma-saber-880157292,Déléguée médicale,Laboratoires SYNTHEMEDIC,Temps plein,none,none,none,none,none
polymedic,Polymedic,Fouad Mahjoubi,--,3e,https://www.linkedin.com/in/fouad-mahjoubi-2a8180263,Représentant commercial pharmaceutique,Polymedic,none,none,none,none,none,"Casablanca, Casablanca-Settat, Maroc"
polymedic,Polymedic,OUAFAE SIKOUK,Gestionnaire stocks chez Polymédic,3e,https://www.linkedin.com/in/ouafae-sikouk-a55284145,Gestionnaire stocks,Polymedic,Temps plein,10/2022,aujourd'hui,3 ans 10 mois,"Casablanca-Settat, Maroc","Préfecture de Casablanca, Casablanca-Settat, Maroc"
polymedic,Polymedic,Zakaria Bensabeur,Chargé Santé Sécurité au travail,3e,https://www.linkedin.com/in/zakaria-bensabeur-b6937117,Responsable HSE,Polymedic,none,09/2022,aujourd'hui,3 ans 11 mois,none,"Préfecture de Casablanca, Casablanca-Settat, Maroc"
laboratoire-pharmaceutique-novopharma,Laboratoire pharmaceutique NOVOPHARMA,ismail tabaa,maintenance technician,3e,https://www.linkedin.com/in/ismail-tabaa-806111205,pharmaceutical maintenance technician,Laboratoire pharmaceutique NOVOPHARMA,Temps plein,02/2025,aujourd'hui,1 an 6 mois,"Tit Mellil, Casablanca-Settat, Maroc","Préfecture de Casablanca, Casablanca-Settat, Maroc"
laboratoire-pharmaceutique-novopharma,Laboratoire pharmaceutique NOVOPHARMA,Rabea Rouicha,coordinatrice chez Laboratoire pharmaceutique NOVOPHARMA,3e,https://www.linkedin.com/in/rabea-rouicha-7562391a6,Coordinatrice,Laboratoire pharmaceutique NOVOPHARMA,none,05/2022,aujourd'hui,4 ans 3 mois,none,"Casablanca, Casablanca-Settat, Maroc"
laboratoire-pharmaceutique-novopharma,Laboratoire pharmaceutique NOVOPHARMA,Hassania Elbaidi,analyste de laboratoire,3e,https://www.linkedin.com/in/hassania-elbaidi-4ba9521a3,Technicien contrôle qualité,Laboratoire pharmaceutique NOVOPHARMA,none,2014,aujourd'hui,12 ans 7 mois,"Casablanca-Settat, Maroc","Préfecture de Casablanca, Casablanca-Settat, Maroc"
laboratoire-pharmaceutique-novopharma,Laboratoire pharmaceutique NOVOPHARMA,Tarik Mountassir,Délégué médical,3e,https://www.linkedin.com/in/tarik-mountassir-133633171,Délégué,Laboratoire pharmaceutique NOVOPHARMA,none,09/2019,aujourd'hui,6 ans 11 mois,Maroc,"Fès-Meknès, Maroc"
laboratoire-pharmaceutique-novopharma,Laboratoire pharmaceutique NOVOPHARMA,Ayoub Akbour,conducteur machine Pharmaceutique,3e,https://www.linkedin.com/in/ayoub-akbour-a038a7235,Opérateur machine,Laboratoire pharmaceutique NOVOPHARMA,Temps plein,04/2025,aujourd'hui,1 an 4 mois,Maroc,"Préfecture de Casablanca, Casablanca-Settat, Maroc"
laboratoire-pharmaceutique-novopharma,Laboratoire pharmaceutique NOVOPHARMA,nabil haddoud,titulaire licence chimie Université Hassan II de Casablanca,3e,https://www.linkedin.com/in/nabil-haddoud-097188174,Analyste et gestionnaire des reactifs chimiques,Laboratoire pharmaceutique NOVOPHARMA,Temps plein,04/2022,aujourd'hui,4 ans 4 mois,Maroc · Sur site,"Casablanca-Settat, Maroc"
laboratoire-pharmaceutique-novopharma,Laboratoire pharmaceutique NOVOPHARMA,fatima beddadou,درس faculté des science et technique,3e,https://www.linkedin.com/in/fatima-beddadou-80b11abb,Assistante de laboratoire,BOTTU,Temps plein,12/2021 - 06/2022,none,7 mois,"Préfecture de Casablanca, Casablanca-Settat, Maroc","Préfecture de Casablanca, Casablanca-Settat, Maroc"
laboratoire-pharmaceutique-novopharma,Laboratoire pharmaceutique NOVOPHARMA,Ayoub Chamouch,--,3e,https://www.linkedin.com/in/ayoub-chamouch-b33a91238,none,none,none,none,none,none,none,"Casablanca, Casablanca-Settat, Maroc"
laboratoire-pharmaceutique-novopharma,Laboratoire pharmaceutique NOVOPHARMA,yahya ahaddar,Conducteur de machines avec expérience en mise en gélules et en compression dans l'industrie pharmaceutique,3e,https://www.linkedin.com/in/yahya-ahaddar-bab24b2a7,Laboratoire pharmaceutique NOVOPHARMA,4 mois,none,none,none,none,none,"Casablanca, Casablanca-Settat, Maroc"
laboratoire-pharmaceutique-novopharma,Laboratoire pharmaceutique NOVOPHARMA,yassine hafraoui,Analyste recherche et développement,3e,https://www.linkedin.com/in/yassine-hafraoui-a6b2819b,Laboratoire pharmaceutique NOVOPHARMA,Temps plein,11 mois,none,none,none,none,"Préfecture de Casablanca, Casablanca-Settat, Maroc"
laboratoire-pharmaceutique-novopharma,Laboratoire pharmaceutique NOVOPHARMA,Dalila Oumou Sarrata Barro,"Docteur en Pharmacie, Chargée assurance qualité en Industrie pharmaceutique",3e,https://www.linkedin.com/in/dalila-oumou-sarrata-barro-27a057274,Laboratoire pharmaceutique NOVOPHARMA,11 mois,none,none,none,none,none,"Mohammédia, Casablanca-Settat, Maroc"
steripharma,Steripharma,taoufik malah,KEY ACCOUNT MANAGER,2e,https://www.linkedin.com/in/taoufik-malah-80a4a87b,Steripharma,14 ans 5 mois,none,none,none,none,none,"Préfecture de Casablanca, Casablanca-Settat, Maroc"
steripharma,Steripharma,Youssef CHIKHAOUI,Technicien de maintenance industrielle,3e,https://www.linkedin.com/in/youssef-chikhaoui-68a08b137,Technicien de maintenance pharmaceutique,Steripharma,Temps plein,10/2006,aujourd'hui,19 ans 10 mois,technicien de maintenance et instruments industriels je suis chargé d'éviter les pannes en assurant un suivi régulier des machines et équipements.,"Préfecture de Casablanca, Casablanca-Settat, Maroc"
steripharma,Steripharma,Layla Harrouchi,Acheteuse,3e,https://www.linkedin.com/in/layla-harrouchi-b41688163,Acheteur,LabelVie,Temps plein,08/2024,aujourd'hui,2 ans,Maroc · Sur site,"Casablanca-Settat, Maroc"
steripharma,Steripharma,OumKeltoum Bouyachou,deleguee medicale,3e,https://www.linkedin.com/in/oumkeltoum-bouyachou-1908b1100,Visiteur médical,Steripharma,Temps plein,05/2021,aujourd'hui,5 ans 3 mois,Casablanca et périphérie,"Préfecture de Casablanca, Casablanca-Settat, Maroc"
steripharma,Steripharma,Meryem Errhihel,déléguée médicale,3e,https://www.linkedin.com/in/meryem-errhihel-2b28742ba,Déléguée médicale,Steripharma,Temps plein,09/2024,aujourd'hui,1 an 11 mois,none,"Casablanca, Casablanca-Settat, Maroc"
steripharma,Steripharma,Kaoutar Dami,QA System Intern at Steripharma – Pharmaceutical Industry | Master's Student in Pharmaceutical Quality | GMP/BPF,3e,https://www.linkedin.com/in/kaoutar-dami-41557b32b,Stage PFE-Assurance Qualité Système,Steripharma,Stage,04/2026,aujourd'hui,4 mois,"Casablanca-Settat, Maroc · Sur site","Casablanca-Settat, Maroc"
steripharma,Steripharma,Majda Belkroumi,Pharmacienne Assistante -Responsable Laboratoire Contrôle Qualité -Conformité GMP et Excellence Analytique.,3e,https://www.linkedin.com/in/majda-belkroumi-1316981b7,Responsable Contrôle qualité,Steripharma,Temps plein,05/2026,aujourd'hui,3 mois,"Casablanca-Settat, Maroc","Casablanca, Casablanca-Settat, Maroc"
steripharma,Steripharma,Haitam Ben Achour,Délègue médical et pharmaceutique,3e,https://www.linkedin.com/in/haitam-ben-achour-737786193,Steripharma,Temps plein,8 ans 6 mois-,none,none,none,none,"🔹 Dr Fatima Zahra MCHICH ALAMI, Présidente de MG Maroc"
steripharma,Steripharma,Imad Amazzal,Responsable commercial,3e,https://www.linkedin.com/in/imad-amazzal-68b748249,Steripharma,Temps plein,12 ans 4 mois-,none,none,none,none,"Préfecture de Casablanca, Casablanca-Settat, Maroc"
steripharma,Steripharma,Amine Tahiri,"CEO Dislog Group Health Care, CEO Steripharma, UCL Alumnus, triathlète",3e,https://www.linkedin.com/in/amine-tahiri-45201348,"Co-founder, Managing Director & Head Pharmacist, triathlète",Steripharma,none,03/2000,aujourd'hui,26 ans 5 mois,"Casablanca, Maroc",none
steripharma,Steripharma,Dalila MOUKRIM,"Directrice Exécutive, CFO Steripharma Dislog Group Health Care",3e,https://www.linkedin.com/in/dalila-moukrim-76ab77200,Directeur Exécutif - CFO - Steripharma Dislog Group Health Care,Steripharma,Temps plein,01/2021,aujourd'hui,5 ans 7 mois,"Casablanca-Settat, Maroc · Sur site","Préfecture de Casablanca, Casablanca-Settat, Maroc"
pharmaceutical-institute,Pharmaceutical Institute,Anas Sibai,Senior Treasury Specialist,2e,https://www.linkedin.com/in/anas-sibai-61204220,Responsable de trésorerie et recouvrement,Pharmaceutical Institute,Temps plein,02/2023,aujourd'hui,3 ans 6 mois,"Rabat, Rabat-Salé-Kénitra, Maroc","Préfecture de Casablanca, Casablanca-Settat, Maroc"
pharmaceutical-institute,Pharmaceutical Institute,Lamiae EL KHOMSSI,Pharmacien assurance qualité chez Pharmaceutical Institute,3e,https://www.linkedin.com/in/lamiae-el-khomssi-6a7106141,Pharmacien assistante,Pharmaceutical Institute S.A.,none,02/2018,aujourd'hui,8 ans 6 mois,"Ain El Aouda, Rabat-Salé-Zemmour-Zaër, Morocco","Préfecture de Fès, Fès-Meknès, Maroc"
pharmaceutical-institute,Pharmaceutical Institute,Rachid Kamili,Superviseur de production pharmaceutique,2e,https://www.linkedin.com/in/rachid-kamili-8910a0273,PHI By Kelix bio,Temps plein,23 ans 7 mois-,none,none,none,none,"Ain El Aouda, Rabat-Salé-Kénitra, Maroc"
pharmaceutical-institute,Pharmaceutical Institute,meriyam bellabsili,Sales representative chez Pharmaceutical Institute S.A.,3e,https://www.linkedin.com/in/meriyam-bellabsili-180799171,Sales representative,Pharmaceutical Institute S.A.,none,04/2021,aujourd'hui,5 ans 4 mois,none,"Préfecture de Casablanca, Casablanca-Settat, Maroc"
pharmaceutical-institute,Pharmaceutical Institute,Zineb B.,Pharmaceutical Affairs Manager,3e,https://www.linkedin.com/in/zineb-b-017454262,Responsable Affaires Pharmaceutiques,Pharmaceutical Institute,Temps plein,01/2024,aujourd'hui,2 ans 7 mois,"Ain El Aouda, Rabat-Salé-Kénitra, Maroc · Sur site","Préfecture de Rabat, Rabat-Salé-Kénitra, Maroc"
pharmaceutical-institute,Pharmaceutical Institute,Fatima zahra Sounaibal,product manager,3e,https://www.linkedin.com/in/fatima-zahra-sounaibal-958a822b9,Chef de produit,Pharmaceutical Institute,none,01/2025,aujourd'hui,1 an 7 mois,"Rabat, Rabat-Salé-Kénitra, Maroc","Casablanca, Casablanca-Settat, Maroc"
pharmaceutical-institute,Pharmaceutical Institute,AZIZ MERIEM,Étudiante au Faculté des sciences de Rabat,3e,https://www.linkedin.com/in/aziz-meriem-313a59278,Intern,Pharmaceutical Institute,Temps plein,05/2025,aujourd'hui,1 an 3 mois,Ain El Aouda,"Rabat, Rabat-Salé-Kénitra, Maroc"
pharmaceutical-institute,Pharmaceutical Institute,Imane CHIBOUB,RA Manager,3e,https://www.linkedin.com/in/imane-chiboub-68b338233,Pharmaceutical Institute,19 ans 2 mois,none,none,none,none,none,none
pharmaceutical-institute,Pharmaceutical Institute,larbi Ben ahmed,--,3e,https://www.linkedin.com/in/larbi-ben-ahmed-1780a3273,Magasinier,Pharmaceutical Institute,Temps plein,04/2016,aujourd'hui,10 ans 4 mois,none,"Casablanca, Casablanca-Settat, Maroc"
pharmaceutical-institute,Pharmaceutical Institute,Layla Fariq,Déléguée medicale,3e,https://www.linkedin.com/in/layla-fariq-478b14172,Déléguée médicale,PHI By Kelix bio,Temps plein,02/2021,aujourd'hui,5 ans 6 mois,Maroc · Hybride,"Préfecture de Casablanca, Casablanca-Settat, Maroc"
sun-pharma,SUN PHARMA,Yassir Aharti,SFE Executive | Sales Force Effectiveness | Data Analysis & Performance Optimization | Sun Pharma,2e,https://www.linkedin.com/in/yassir-aharti-89ba08333,Sales Force Effectiveness Executive,SUN PHARMA,Temps plein,12/2025,aujourd'hui,8 mois,"Bouskoura, Casablanca-Settat, Maroc · Sur site","Tanger-Tétouan-Al Hoceïma, Maroc"
sun-pharma,SUN PHARMA,Imane Asri,Key Account Manager,3e,https://www.linkedin.com/in/imane-asri-632859239,Attachée Hospitalière Gamme Oncologie Hématologie,InQure Health,Temps plein,11/2023,aujourd'hui,2 ans 9 mois,"Casablanca, Casablanca-Settat, Maroc · Sur site","Casablanca, Casablanca-Settat, Maroc"
sun-pharma,SUN PHARMA,Radia MEJD,Responsable AQ,3e,https://www.linkedin.com/in/radia-mejd-6364101bb,Responsabla AQ,Sun Pharmaceuticals North Africa,Temps plein,04/2024,aujourd'hui,2 ans 4 mois,none,"Préfecture de Casablanca, Casablanca-Settat, Maroc"
sun-pharma,SUN PHARMA,Bouchra Ferouani,Medical sales representative,3e,https://www.linkedin.com/in/bouchra-ferouani-3b6a812a8,Medical sales representative,SUN PHARMA,none,02/2024,aujourd'hui,2 ans 6 mois,"Casablanca-Settat, Maroc","Casablanca-Settat, Maroc"
sun-pharma,SUN PHARMA,Mohamed Arich,chargé Maintenance chez SUN PHARMA,2e,https://www.linkedin.com/in/mohamed-arich-822931201,chargé Maintenance,SUN PHARMA,Temps plein,01/2020,aujourd'hui,6 ans 7 mois,Maintenance préventive et Maintenance industrielle,"Casablanca, Casablanca-Settat, Maroc"
sun-pharma,SUN PHARMA,sabiri aziz,préparateur production chez Sun pharma,3e,https://www.linkedin.com/in/sabiri-aziz-753a961a3,Opérateur de production sun pharma,SUN PHARMA,Temps plein,09/2024,aujourd'hui,1 an 11 mois,Production conforme aux bonnes pratiques de fabrication actuelles,none
sun-pharma,SUN PHARMA,Meriem Boulaid,Docteur en Pharmacie,3e,https://www.linkedin.com/in/meriem-boulaid-982b16293,Pharmacien (affaires réglementaires),SUN PHARMA,Temps plein,11/2025,aujourd'hui,9 mois,Casablanca et périphérie,"Casablanca-Settat, Maroc"
sun-pharma,SUN PHARMA,zakaria ayoub agouzoul,Responsable magasin,3e,https://www.linkedin.com/in/zakaria-ayoub-agouzoul-685676131,Responsable de magasin,SUN PHARMA,none,09/2024,aujourd'hui,1 an 11 mois,Maroc,"Préfecture de Casablanca, Casablanca-Settat, Maroc"
sun-pharma,SUN PHARMA,Mounia MATLAOUI,Microbiologiste Contrôle Qualité,3e,https://www.linkedin.com/in/mounia-matlaoui-89a2722a8,Microbiologiste,SUN PHARMA,Temps plein,01/2023,aujourd'hui,3 ans 7 mois,"Bouskoura, Casablanca-Settat, Maroc","Casablanca-Settat, Maroc"
sun-pharma,SUN PHARMA,Oirdi Mohamed,Biologiste | Pharmaco-épidemiologie & Pharmaco-économie | Software Helath Care Management,3e,https://www.linkedin.com/in/oirdi-mohamed-624212194,Key Account Manger,SUN PHARMA,Temps plein,11/2025,aujourd'hui,9 mois,Maroc · Hybride,none
sun-pharma,SUN PHARMA,zineb EL ANZI,"Assistante de back-office chez SUN PHARMA | Finance, Gestion Comptable, Administration des ventes",3e,https://www.linkedin.com/in/zineb-el-anzi-4b1083159,SUN PHARMA,Temps plein,4 ans,none,none,none,none,"Azemmour, Casablanca-Settat, Maroc"
sun-pharma,SUN PHARMA,Mohammed Kazdar,Medical Sales Representative,3e,https://www.linkedin.com/in/mohammed-kazdar-895a15141,Medical Sales Representative,SUN PHARMA,Temps plein,06/2025,aujourd'hui,1 an 2 mois,Casablanca et périphérie · Hybride,"Casablanca-Settat, Maroc"
servier-maroc,Servier Maroc,Hamza Sahil,Technicien production,3e,https://www.linkedin.com/in/hamza-sahil-3b8202187,Technicien de fabrication,Servier Maroc,none,06/2021,aujourd'hui,5 ans 2 mois,Maroc,"Casablanca-Settat, Maroc"
servier-maroc,Servier Maroc,zakaria jardani,Magasinier Pharmaceutique,3e,https://www.linkedin.com/in/zakaria-jardani-7306a5292,Magasinier,Servier Maroc,Temps plein,11/2021,aujourd'hui,4 ans 9 mois,Nouacer,none
servier-maroc,Servier Maroc,Zidane SOUAF,Docteur en pharmacie,3e,https://www.linkedin.com/in/zidane-souaf-b92371182,Regulatory Affairs Specialist,Servier Maroc,none,12/2023,aujourd'hui,2 ans 8 mois,none,"Préfecture de Casablanca, Casablanca-Settat, Maroc"
servier-maroc,Servier Maroc,Ferdaouss Nanaa,Medical Partner @ Servier Maroc,3e,https://www.linkedin.com/in/ferdaouss-nanaa-07327132a,Medical Partner,Servier Maroc,Temps plein,01/2026,aujourd'hui,7 mois,Maroc,none
servier-maroc,Servier Maroc,Hajar Bensouda,Medical Partner,3e,https://www.linkedin.com/in/hajar-bensouda-86b406216,Medical Partner,Servier Maroc,none,09/2025,aujourd'hui,11 mois,none,"Casablanca, Casablanca-Settat, Maroc"
servier-maroc,Servier Maroc,Tourya MAH,Directrice financière chez Servier Maroc,3e,https://www.linkedin.com/in/tourya-mah-15509b14a,none,none,none,none,none,none,none,"Casablanca-Settat, Maroc"
servier-maroc,Servier Maroc,Imane Marany,Coordinatrice SFE,3e,https://www.linkedin.com/in/imane-marany-4b3b07ba,Coordinatrice SFE,Servier Maroc,Temps plein,01/2020,aujourd'hui,6 ans 7 mois,Maroc,"Casablanca-Settat, Maroc"
servier-maroc,Servier Maroc,Bousekkour Omar,--,3e,https://www.linkedin.com/in/bousekkour-omar-604a96139,Technicien production,Servier Maroc,Temps plein,04/2008,aujourd'hui,18 ans 4 mois,Maroc · Sur site,none
servier-maroc,Servier Maroc,Soukaina Jabbany,Chargée import/export chez Servier maroc,3e,https://www.linkedin.com/in/soukaina-jabbany-627989b6,none,none,none,none,none,none,none,"Préfecture de Casablanca, Casablanca-Settat, Maroc"
iphaderm,IPHADERM,Imane E.,Responsable Qualité & Logistique Opérationnelle | Gestion des stocks & flux | Optimisation des processus | SMQ-Ouverte à de nouvelles opportunités,3e,https://www.linkedin.com/in/imane-ezzirari-773073155,Responsable qualité et logistique stock,IPHADERM,Temps plein,05/2024,aujourd'hui,2 ans 3 mois,"Casablanca-Settat, Maroc","Casablanca-Settat, Maroc"
iphaderm,IPHADERM,houssam ait sliman,lauréat de l'ENCG Marrakech-Gestion Financière et Comptable,3e,https://www.linkedin.com/in/houssam-ait-sliman-21167b1b4,Assistant Manager Supply,IPHADERM,Temps plein,02/2024,aujourd'hui,2 ans 6 mois,Casablanca et périphérie,"Marrakech-Safi, Maroc"
iphaderm,IPHADERM,Sara Bennani,Brand manager,3e,https://www.linkedin.com/in/s-bennani,Brand & Event manager,IPHADERM,Temps plein,09/2024,aujourd'hui,1 an 11 mois,"Casablanca-Settat, Maroc · Sur site","Casablanca-Settat, Maroc"
iphaderm,IPHADERM,Mehdi Elbakhri,Graphic designer,3e,https://www.linkedin.com/in/mehdi-elbakhri-3049841b7,Graphiste,IPHADERM,Temps plein,12/2024,aujourd'hui,1 an 8 mois,"Casablanca-Settat, Maroc · Sur site","Casablanca, Casablanca-Settat, Maroc"
iphaderm,IPHADERM,Essedik Hachmaoui,commercial,3e,https://www.linkedin.com/in/essedik-hachmaoui-3999ba170,Product specialist,IPHADERM,Temps plein,02/2023,aujourd'hui,3 ans 6 mois,Casablanca et périphérie,"Casablanca-Settat, Maroc"
ergo-maroc,Ergo Maroc,Mohammed Mouad Gouffia,Délégué Médical | Industrie pharmaceutique | Relation médecin & pharmacien,3e,https://www.linkedin.com/in/mohammed-mouad-gouffia-338230265,Délégué médical et pharmaceutique,Ergo Maroc,Temps plein,11/2025,aujourd'hui,9 mois,Casablanca et périphérie · Sur site,none
ergo-maroc,Ergo Maroc,GHITA EL HACHIMI,Master Degree in Immunology-Hematology / Drug Regulatory Affairs,3e,https://www.linkedin.com/in/ghita-el-hachimi-b4a473318,Ergo Maroc,Temps plein,9 mois,none,none,none,none,"Casablanca, Casablanca-Settat, Maroc"
ergo-maroc,Ergo Maroc,Abdelmoula Ayoujil,Student at ESCA Ecole de Management,3e,https://www.linkedin.com/in/abdelmoula-ayoujil,Logistics Operations Specialist,Ergo Maroc,Stage,02/2026,aujourd'hui,6 mois,"108, Rue Pierre Parent à Casablanca · Sur site","Casablanca-Settat, Maroc"
ergo-maroc,Ergo Maroc,Ilias BABAHYA,"Profil transverse en industrie pharmaceutique | Réglementaire, Qualité & Opérations industrielles",3e,https://www.linkedin.com/in/ilias-babahya-241737193,Ergo Maroc,5 ans 9 mois,none,none,none,none,none,none
ergo-maroc,Ergo Maroc,Ilyass Azzouzi,Délégué Médical chez Ergo Maroc,3e,https://www.linkedin.com/in/ilyass-azzouzi-525780275,Représentant médical,Ergo Maroc,none,11/2025,aujourd'hui,9 mois,none,"Rabat, Rabat-Salé-Kénitra, Maroc"
ergo-maroc,Ergo Maroc,Alami Mohammed,--,3e,https://www.linkedin.com/in/alami-mohammed-69aaa1304,Représentant médical,Ergo Maroc,none,10/2025,aujourd'hui,10 mois,none,"Fès, Fès-Meknès, Maroc"
ergo-maroc,Ergo Maroc,aymane jawad,Technicien contrôle qualité chez Ergo Maroc | Licence en Biologie,3e,https://www.linkedin.com/in/aymane-jawad-aaa371200,Ergo Maroc,Temps plein,2 ans 5 mois-,none,none,none,none,"Casablanca, Casablanca-Settat, Maroc"
ergo-maroc,Ergo Maroc,YOUNESS SGUIRI,Chief Operating Officer | Pharmacien Responsable,3e,https://www.linkedin.com/in/youness-sguiri-a13a6418,Pharmacist Responsible Deputy Director General,Ergo Maroc,Temps plein,07/2025,aujourd'hui,1 an 1 mois,none,"Préfecture de Casablanca, Casablanca-Settat, Maroc"
ergo-maroc,Ergo Maroc,Houda Bessat,Délégué Médical chez ERGO PHARM,3e,https://www.linkedin.com/in/houda-bessat-15b3279b,Visiteur médical,Ergo Maroc,Temps plein,04/2025,aujourd'hui,1 an 4 mois,Tanger et périphérie,"Tétouan, Tanger-Tétouan-Al Hoceïma, Maroc"
ergo-maroc,Ergo Maroc,Otmane Amallah,Représentant médical chez Ergo Maroc,3e,https://www.linkedin.com/in/otmane-amallah-492515203,Visiteur médical,Ergo Maroc,Temps plein,03/2021,aujourd'hui,5 ans 5 mois,"Préfecture de Fès, Fès-Meknès, Maroc","Fès, Fès-Meknès, Maroc"
ergo-maroc,Ergo Maroc,Adnane labed,operador indiferenciado,3e,https://www.linkedin.com/in/adnane-labed-741836207,operador,IBEROPERFIL Perfis,none,09/2023 - 03/2024,none,7 mois,"Oliveira de Frades, Viseu, Portugal · Sur site",none
spimaco,SPIMACO,Amadou BA,Pharmacist-Director of Manufacturing/Pharmacien-Directeur de Production,3e,https://www.linkedin.com/in/amadou-ba-11348ab4,Directeur de Production/Manufacturing Manager,LAPROPHAN S.A.,none,04/2022 - 05/2023,none,1 an 2 mois,"Compétences interpersonnelles, Leadership et 8 compétences de plus","Préfecture de Casablanca, Casablanca-Settat, Maroc"
spimaco,SPIMACO,nisrine HATIMI,commercial,3e,https://www.linkedin.com/in/nisrine-hatimi-67a805ab,Visiteur médical,SPIMACO,Temps plein,02/2023,aujourd'hui,3 ans 6 mois,"Marrakech-Safi, Maroc · Hybride","arrondissement de Menara, Marrakech-Safi, Maroc"
spimaco,SPIMACO,Mohammed El achkar,technicien de production,3e,https://www.linkedin.com/in/mohammed-el-achkar-a291061b5,Technicien production,SPIMACO,Temps plein,02/2025,aujourd'hui,1 an 6 mois,laboratoires pharmaceutique SPIMACO,"Tanger-Tétouan-Al Hoceïma, Maroc"
spimaco,SPIMACO,Terghaoui Aziz,Logistics & Warehouses Specialist | Supply Chain & Qualité,3e,https://www.linkedin.com/in/terghaoui-aziz-14b31a236,SPIMACO,Temps plein,3 ans 4 mois-,none,none,none,none,"Casablanca, Casablanca-Settat, Maroc"
spimaco,SPIMACO,Oumaima Oukhadda,Analyste Contrôle Qualité,3e,https://www.linkedin.com/in/oumaima-oukhadda-26b344257,SPIMACO,2 ans 8 mois,none,none,none,none,none,"Tanger-Tétouan-Al Hoceïma, Maroc"
spimaco,SPIMACO,Imane TAQAFI,Sales Admin & Invoicing responsible,3e,https://www.linkedin.com/in/imane-taqafi-3076b621,Sales admin & Invoicing responsible,SPIMACO,Temps plein,02/2024,aujourd'hui,2 ans 6 mois,Maroc · Sur site,"Casablanca-Settat, Maroc"
spimaco,SPIMACO,Muad Alsoghayar,Morocco Finance Manager,3e,https://www.linkedin.com/in/muad-alsoghayar-a056531b8,Finance Manager,SPIMACO,Temps plein,02/2026,aujourd'hui,6 mois,"Casablanca-Settat, Maroc · Sur site","Casablanca-Settat, Maroc"
spimaco,SPIMACO,Aadnan Douiri,Quality Control Analyst – Microbiology | SPIMACO Morocco,3e,https://www.linkedin.com/in/aadnan-douiri-5b885a25a,SPIMACO,2 ans 8 mois,none,none,none,none,none,"Tanger-Tétouan-Al Hoceïma, Maroc"
spimaco,SPIMACO,Eladel Rachid,technicien laboratoire controle qualité chez ipharma,3e,https://www.linkedin.com/in/eladel-rachid-abb091a2,none,none,none,none,none,none,none,"Rabat-Salé-Kénitra, Maroc"
spimaco,SPIMACO,Bahija Barki,Supporting People & Culture | HR Business Partner | Payroll Management & People Ops,3e,https://www.linkedin.com/in/bahija-barki-16411213a,SPIMACO,Temps plein,4 ans 3 mois-,none,none,none,none,"Berrechid, Casablanca-Settat, Maroc"
hemolabpharma,Hemolab Pharma,LEBTIT AZZEDDINE,"Etudiant en Master Ingénierie de l'audit, qualité, hygiène, sécurité, et environnement (M1)",3e,https://www.linkedin.com/in/lebtit-azzeddine-417a1a326,Technician de laboratoire,Hemolab Pharma,none,04/2026,aujourd'hui,4 mois,"Contrôle qualité, HSE (Hygiène, Sécurité, Environnement) et 4 compétences de plus","Casablanca, Casablanca-Settat, Maroc"
hemolabpharma,Hemolab Pharma,Youssef Ghannoum,Étudiant à Université Chouaïb Doukkali El Jadida,3e,https://www.linkedin.com/in/youssef-ghannoum-6556842a2,Technicien de laboratoire,Hemolab Pharma,Temps plein,05/2024,aujourd'hui,2 ans 3 mois,"Had Soualem, Casablanca-Settat, Maroc","Casablanca-Settat, Maroc"
hemolabpharma,Hemolab Pharma,ISmaIL LEGDALI,Analyste de Laboratoire chez sothema Officiel Pharmaceutique,3e,https://www.linkedin.com/in/ismail-legdali-449a82228,Technicien contrôle qualité,Sothema,none,02/2026,aujourd'hui,6 mois,"Bouskoura, Casablanca-Settat, Maroc · Sur site","Casablanca, Casablanca-Settat, Maroc"
hemolabpharma,Hemolab Pharma,reda katim,technicien spécialisé en electricité de maintenance industrielle chez hemolab pharma,3e,https://www.linkedin.com/in/reda-katim-512257134,none,none,none,none,none,none,none,"Préfecture de Casablanca, Casablanca-Settat, Maroc"
hemolabpharma,Hemolab Pharma,abdellah nettaj,--,3e,https://www.linkedin.com/in/abdellah-nettaj-6b2286251,Magasinier,Hemolab Pharma,Temps plein,04/2008,aujourd'hui,18 ans 4 mois,Maroc,"Berrechid, Casablanca-Settat, Maroc"
hemolabpharma,Hemolab Pharma,Bienvenue Victoire Salabanzi,Titulaire d'un master en conception et production des produits de santé,3e,https://www.linkedin.com/in/vivisalas,Stagiaire en Assurance Qualité Opérationnelle,Hemolab Pharma,Temps plein,08/2022,aujourd'hui,4 ans,Maroc Had Soualem,none
hemolabpharma,Hemolab Pharma,Ahmed Amali,Key Account Manager Dialyse,3e,https://www.linkedin.com/in/ahmed-amali-108b08152,Key Account Manager Dialyse,Hemolab Pharma,Temps plein,12/2024,aujourd'hui,1 an 8 mois,"Agadir, Souss-Massa, Maroc","Agadir, Souss-Massa, Maroc"
hemolabpharma,Hemolab Pharma,Sanir Mohamed,Supply Chain Operations Manager,3e,https://www.linkedin.com/in/sanir-mohamed-5a5b8872,Responsable logistique,Moroccan Company for Dessert and Food,none,2018 - 08/2018,none,8 mois,Bouskoura,none
arwamedic,Arwa Medic,Zoubair Boutouba,Network and System Administrator,3e,https://www.linkedin.com/in/zoubairboutouba,Arwa Medic,1 an 8 mois,none,none,none,none,none,"Marrakech, Marrakech-Safi, Maroc"
arwamedic,Arwa Medic,fanani awatif,Master en Production et Valorisation des Substances Naturelles et des Biopolymères,3e,https://www.linkedin.com/in/fanani-awatif-6151b3332,Technicienne de contrôle qualité,Arwa Medic,none,12/2025,aujourd'hui,8 mois,"Marrakech, Marrakech-Safi, Maroc","Marrakech-Safi, Maroc"
arwamedic,Arwa Medic,Soulaimane Aragroug,technicien contrôle qualité,3e,https://www.linkedin.com/in/soulaimane-aragroug-2543aa24a,Arwa Medic,2 ans 11 mois,none,none,none,none,none,"Marrakech, Marrakech-Safi, Maroc"
arwamedic,Arwa Medic,ABDELHADI RIZKI,Cybersecurity Engineering Student | Security Researcher,2e,https://www.linkedin.com/in/abdelhadi-rizki,SOC Analyst Intern - SIEM Implementation & Security Monitoring,Arwa Medic,Stage,07/2026,aujourd'hui,1 mois,"Marrakech, Maroc · Sur site","Ouarzazate, Drâa-Tafilalet, Maroc"
arwamedic,Arwa Medic,Hilali Hasna,Key Account Manager Dialyse| Expertise en Produits Médicaux innovants,3e,https://www.linkedin.com/in/hilali-hasna-53125147,Attaché Hospitalier,Arwa Medic,none,12/2025,aujourd'hui,8 mois,none,none
arwamedic,Arwa Medic,Mohammed LAKTAB,Microbiology Laboratory Manager,3e,https://www.linkedin.com/in/mohammed-laktab-b93962143,Responsable laboratoire de Microbiologie,Arwa Medic,Temps plein,06/2020,aujourd'hui,6 ans 2 mois,Maroc,none
arwamedic,Arwa Medic,Mohamed amine Khafif,Finance Manager,3e,https://www.linkedin.com/in/mohamed-amine-khafif-175367a9,Responsable financier,Arwa Medic,Temps plein,02/2026,aujourd'hui,6 mois,"Marrakech, Marrakech-Safi, Maroc · Sur site","Marrakech, Marrakech-Safi, Maroc"
arwamedic,Arwa Medic,WIAM EZZAGHWANY,Chargée assurance qualité,3e,https://www.linkedin.com/in/wiam-ezzaghwany-92586125b,Arwa Medic,Temps plein,3 ans 3 mois-,none,none,none,none,"Marrakech-Safi, Maroc"
medipropharma,Medipro Pharma,Majda G.,Représentant commercial pharmaceutique,3e,https://www.linkedin.com/in/majda-g-b2aa29215,Représentant commercial pharmaceutique,Medipro Pharma,Temps plein,01/2026,aujourd'hui,7 mois,"Casablanca-Settat, Maroc · Sur site","Casablanca, Casablanca-Settat, Maroc"
medipropharma,Medipro Pharma,Chaimaa Razzouki,Déléguée médicale,3e,https://www.linkedin.com/in/chaimaa-razzouki-98137918b,attaché a la promotion scientifique et médical,Cooper Pharma,none,06/2026,aujourd'hui,2 mois,none,", qui confirme sa place parmi les employeurs de référence au Maroc !"
medipropharma,Medipro Pharma,Hamza KHOUI,Délégué Médical,3e,https://www.linkedin.com/in/hamza-khoui-310231174,Visiteur médical,Medipro Pharma,Temps plein,04/2024,aujourd'hui,2 ans 4 mois,"Casablanca-Settat, Maroc","Préfecture de Casablanca, Casablanca-Settat, Maroc"
medipropharma,Medipro Pharma,SALMA EL KHAYAT,Visiteur médical chez Medipro Pharma,3e,https://www.linkedin.com/in/salma-el-khayat-a42ab7278,Visiteur médical,Medipro Pharma,Temps plein,03/2026,aujourd'hui,5 mois,"Casablanca-Settat, Maroc","Casablanca, Casablanca-Settat, Maroc"
medipropharma,Medipro Pharma,KAMAL DAIJOUR,Senior Medical Representatives,3e,https://www.linkedin.com/in/kamal-daijour-593716b4,Visiteur médical,VALPHARMA MAROC,Temps plein,05/2025,aujourd'hui,1 an 3 mois,Lait infantile K-mil - Extraform - Calmante bébé - Notux Sirop - Thymotabs - Norin - Proterol - Flexofytol,"Casablanca-Settat, Maroc"
medipropharma,Medipro Pharma,Abdelali SOUKANI,Délégué Médical,3e,https://www.linkedin.com/in/soukani,Medical Sales Representative,Medipro Pharma,Temps plein,02/2024,aujourd'hui,2 ans 6 mois,Maroc,"Rabat, Rabat-Salé-Kénitra, Maroc"
medipropharma,Medipro Pharma,amina el kasmy,infographiste,3e,https://www.linkedin.com/in/amina-el-kasmy-2b3560143,Infographiste,Medipro Pharma,Temps plein,02/2026,aujourd'hui,6 mois,none,"Casablanca-Settat, Maroc"
medipropharma,Medipro Pharma,Fatim zahra Khasoini,déléguée médical,3e,https://www.linkedin.com/in/fatim-zahra-khasoini-8a3565334,Visiteur médical,Medipro Pharma,Temps plein,04/2025,aujourd'hui,1 an 4 mois,"Préfecture de Casablanca, Casablanca-Settat, Maroc",none
medipropharma,Medipro Pharma,Oumaïma Aabad,Chargée RH,3e,https://www.linkedin.com/in/ouma%C3%AFma-aabad-7a846321b,Chargée de Ressources Humaines,Medipro Pharma,Temps plein,06/2025,aujourd'hui,1 an 2 mois,Casablanca et périphérie,"Préfecture de Casablanca, Casablanca-Settat, Maroc"
medipropharma,Medipro Pharma,Ayoub AKALMOUS,Agent de Contrôle et Gestion du Stock chez Medipro Pharma,3e,https://www.linkedin.com/in/ayoub-akalmous-45385a267,Agent Contrôle et Gestion du Stock,Medipro Pharma,Temps plein,07/2026,aujourd'hui,1 mois,"Casablanca, Casablanca-Settat, Maroc · Sur site","Casablanca, Casablanca-Settat, Maroc"
medipropharma,Medipro Pharma,imane lazar,National Key Account Manager | Pharma B2B | Développement Commercial & Gestion des Grands Comptes,3e,https://www.linkedin.com/in/imane-lazar-b2468152,National Key Account Manager,Medipro Pharma,Temps plein,09/2024,aujourd'hui,1 an 11 mois,"Casablanca-Settat, Maroc","Préfecture de Casablanca, Casablanca-Settat, Maroc"
génération-santé,Génération Santé,bouhassoune mohammed,Pharmacien responsable chez Génération Santé,3e,https://www.linkedin.com/in/bouhassoune-mohammed-013771255,Pharmacien responsable,Génération Santé,Temps plein,none,none,none,none,"Préfecture de Casablanca, Casablanca-Settat, Maroc"
génération-santé,Génération Santé,Soukayna ABIDA,technicienne Contrôle qualité microbiologie,3e,https://www.linkedin.com/in/soukayna-abida-493681214,Technicienne Contrôle qualité microbiologie,Génération Santé,Temps plein,03/2024,aujourd'hui,2 ans 5 mois,Maroc · Sur site,"El Jadida, Casablanca-Settat, Maroc"
génération-santé,Génération Santé,Hicham Tazi,Pharmacien directeur technique,3e,https://www.linkedin.com/in/hicham-tazi-ba8a2065,Directeur technique,Génération Santé,none,07/2025,aujourd'hui,1 an 1 mois,none,none
génération-santé,Génération Santé,Fatima zahra Lamri,Industrial Pharmacist -Regulatory & Pharmacovigilance Expert,3e,https://www.linkedin.com/in/fatima-zahra-lamri-111147241,Regulatory Affairs & Pharmacovigilance Pharmacist.,Génération Santé,Temps plein,11/2024,aujourd'hui,1 an 9 mois,"Casablanca-Settat, Maroc","Casablanca-Settat, Maroc"
génération-santé,Génération Santé,Youness BOUDILI,Sage X3 Consultant | IT Infrastructure,3e,https://www.linkedin.com/in/youness-boudili-8b5867208,Administrateur système,Génération Santé,Temps plein,10/2024,aujourd'hui,1 an 10 mois,"Casablanca-Settat, Maroc · Sur site","Préfecture de Casablanca, Casablanca-Settat, Maroc"
génération-santé,Génération Santé,youssef bouziane,CHARGE LOGISTIQUE,2e,https://www.linkedin.com/in/youssef-bouziane-ba5580302,Chargé logistique,Génération Santé,none,11/2020,aujourd'hui,5 ans 9 mois,Maroc,"Casablanca, Casablanca-Settat, Maroc"
génération-santé,Génération Santé,khaoula habchi,Assistante administrative chez Génération santé,3e,https://www.linkedin.com/in/khaoula-habchi-217419140,Assistante administrative,Génération Santé,Temps plein,02/2021,aujourd'hui,5 ans 6 mois,"Préfecture de Casablanca, Casablanca-Settat, Maroc","Casablanca-Settat, Maroc"
génération-santé,Génération Santé,ABDELOUAHAD MOUHIB,Technicien maintenance chez laboratoire pharmaceutique,3e,https://www.linkedin.com/in/abdelouahad-mouhib-3b3925189,Technicien maintenance,Génération Santé,none,10/2015,aujourd'hui,10 ans 10 mois,none,"Casablanca-Settat, Maroc"
génération-santé,Génération Santé,Hicham E.,Medical Sales Representative,3e,https://www.linkedin.com/in/hicham-e-139475194,Senior Medical Sales Representative,Génération Santé,Temps plein,03/2024,aujourd'hui,2 ans 5 mois,Agadir et périphérie,none
pharmedlimited,Pharmed Limited,Redouane BACHAR,"Opérateur de machine, contrôle qualité",3e,https://www.linkedin.com/in/redouane-bachar-253284308,Conducteur de machine,Pharmed Limited,CDD,09/2024,aujourd'hui,1 an 11 mois,"Casablanca-Settat, Maroc · Sur site","Casablanca, Casablanca-Settat, Maroc"
pharmedlimited,Pharmed Limited,Bouchra Miraz,"Pharmacy Doctor graduated from Mohammed V University, Faculty of Medicine and Pharmacy in Rabat, class of 2012. Assistant Pharmacist at Pharma5 Group.",3e,https://www.linkedin.com/in/bouchra-miraz-6062a6257,none,none,none,none,none,none,none,"Casablanca, Casablanca-Settat, Maroc"
pharmedlimited,Pharmed Limited,hicham Baba,Délégué médico pharmaceutique,3e,https://www.linkedin.com/in/hicham-baba-a73469160,Commercial,Wiko,none,none,none,none,none,none
pharmedlimited,Pharmed Limited,hinda elbadry,Chef de gamme,3e,https://www.linkedin.com/in/hinda-elbadry-65994969,none,none,none,none,none,none,none,"Préfecture de Casablanca, Casablanca-Settat, Maroc"
pharmedlimited,Pharmed Limited,ABDALLAH BENJELLOUN,Délégué Médical,3e,https://www.linkedin.com/in/abdallah-benjelloun-909351146,Chargé de compte principal,Bank Assafa,none,2017,aujourd'hui,9 ans 7 mois,none,none
synapsesante,SYNAPSE SANTE,Nathalie MICHAULT,Directrice RH | Management | Juridique social | Communication | Optimisation digitale des process,3e,https://www.linkedin.com/in/nathalie-michault-2aa916125,Directrice Ressources humaines & Administration,SYNAPSE SANTE,CDI,01/2023,aujourd'hui,3 ans 7 mois,The company Synapse Sante operates in the field of home health care services in order to support and provide medical material to patients who receive care at home.,none
pfizer,Pfizer,Abdellah BENSAIDI,Production Team Leader,3e,https://www.linkedin.com/in/abdellah-bensaidi-161562195,Production team leader,Pfizer,Temps plein,2002,aujourd'hui,24 ans 7 mois,Maroc · Sur site,"El Jadida, Casablanca-Settat, Maroc"
pfizer,Pfizer,Zineb Ben Allal,Medical Communications & Content Specialist at Pfizer,3e,https://www.linkedin.com/in/zineb-ben-allal,Medical Communications & Content Specialist,Pfizer,Temps plein,07/2023,aujourd'hui,3 ans 1 mois,"Casablanca-Settat, Maroc",none
pfizer,Pfizer,SOUHAILA BILIJ,Financial Analyst,2e,https://www.linkedin.com/in/souhaila-bilij-557b11171,Finacial Analyst,Pfizer,Temps plein,01/2025,aujourd'hui,1 an 7 mois,Maroc,"Province d'El Jadida, Casablanca-Settat, Maroc"
pfizer,Pfizer,Mohamed Nabil Tabiben,Medical Doctor | Medical Science Liaison | Scientific Communication & KOL Engagement,3e,https://www.linkedin.com/in/mohamed-nabil-tabiben-691127224,Medical Science Liaison,Pfizer,Temps plein,09/2025,aujourd'hui,11 mois,Maroc,"Casablanca, Casablanca-Settat, Maroc"
pfizer,Pfizer,Jihane El Ouahabi,Supply Operations Quality Manager,3e,https://www.linkedin.com/in/jihane-el-ouahabi-bbb96a121,Pfizer,4 ans 1 mois,none,none,none,none,none,"Préfecture de Casablanca, Casablanca-Settat, Maroc"
pfizer,Pfizer,Jamila Sahli,Analyste contrôle qualité chez Pfizer,3e,https://www.linkedin.com/in/jamila-sahli-10178b176,Analyste contrôle qualité,Pfizer,none,07/2001,aujourd'hui,25 ans 1 mois,none,"Préfecture de Casablanca, Casablanca-Settat, Maroc"
pfizer,Pfizer,Taoufiq BARROU,Medical Oncology,3e,https://www.linkedin.com/in/taoufiq-barrou-10091344,Pfizer,28 ans 7 mois,none,none,none,none,none,"Préfecture de Casablanca, Casablanca-Settat, Maroc"
pfizer,Pfizer,Abdelaziz Fadili,Quality control coordinator,3e,https://www.linkedin.com/in/abdelaziz-fadili-3989a66a,Pfizer,Temps plein,5 ans 9 mois-,none,none,none,none,"Préfecture de Casablanca, Casablanca-Settat, Maroc"
pfizer,Pfizer,Yassmine Allem,Étudiante en Master 2- Valorisation et Management de l'Innovation en Biosciences,3e,https://www.linkedin.com/in/yassmine-allem-0b433b205,Quality Assurance,Pfizer,Stage,02/2026,aujourd'hui,6 mois,"El Jadida, Casablanca-Settat, Maroc","Casablanca, Casablanca-Settat, Maroc"
pfizer,Pfizer,Oussama BENJADI,QC Analyst At Pfizer,3e,https://www.linkedin.com/in/oussama-benjadi-32bb02194,QC Analyst,Pfizer,Temps plein,03/2024,aujourd'hui,2 ans 5 mois,El jadida · Sur site,none
laboratoirespharmaprom,PHARMAPROM,Houda ELHARIKI,"Master en chimie option procédés électrochimiques, catalytiques et valorisation des déchets",3e,https://www.linkedin.com/in/houda-elhariki-0179732bb,Analyste de laboratoire,PHARMAPROM,none,12/2025,aujourd'hui,8 mois,"Casablanca-Settat, Maroc","Casablanca, Casablanca-Settat, Maroc"
laboratoirespharmaprom,PHARMAPROM,Imane Nassiri,Responsable des affaires réglementaires,3e,https://www.linkedin.com/in/imane-nassiri-733bab14b,PHARMAPROM,4 ans 9 mois,none,none,none,none,none,"Préfecture de Casablanca, Casablanca-Settat, Maroc"
laboratoirespharmaprom,PHARMAPROM,Rachid NADIF,Regulatory Affairs Specialist / Chemist,3e,https://www.linkedin.com/in/rachid-nadif-b04020141,Regulatory Affairs Specialist,PHARMAPROM,none,01/2024,aujourd'hui,2 ans 7 mois,"Casablanca-Settat, Maroc","Casablanca-Settat, Maroc"
laboratoirespharmaprom,PHARMAPROM,tayer mehdi,--operateur de production,3e,https://www.linkedin.com/in/tayer-mehdi-62564a286,Machine Operator,PHARMAPROM,none,07/2023,aujourd'hui,3 ans 1 mois,"Conduite et surveillance des machines de production (blistereuse, capsuleuse, mélangeur , compression , pelliculage , granulation …). Réalisation des réglages de base : vitesse, température, format. Réalisation des opérations de pesée des matières premières et produits semi-fini. Montage, démontage et nettoyage des pièces selon les procédures BPF/GMP. Contrôle qualité en ligne : poids, aspect, conformité des produits. Enregistrement des données de production (logbook, dossiers de lot). Détection des pannes simples et communication avec la maintenance. Respect strict des règles d'hygiène, sécurité et traçabilité. Participation aux changements de format et aux opérations de démarrage machine.","Casablanca, Casablanca-Settat, Maroc"
laboratoirespharmaprom,PHARMAPROM,Safaa N,Pharmacist,3e,https://www.linkedin.com/in/safaa-n-3ba986244,Pharmacovigilance & regulatory affairs,PHARMAPROM,Temps plein,10/2025,aujourd'hui,10 mois,none,"Casablanca, Casablanca-Settat, Maroc"
laboratoirespharmaprom,PHARMAPROM,IMANE AIT DADA 🇵🇸,Quality & Regulatory Affairs,3e,https://www.linkedin.com/in/imane-ait-dada-%F0%9F%87%B5%F0%9F%87%B8-5003bb201,Regulatory affairs,PHARMAPROM,Temps plein,12/2024,aujourd'hui,1 an 8 mois,Maroc · Sur site,"Préfecture de Mohammédia, Casablanca-Settat, Maroc"
laboratoirespharmaprom,PHARMAPROM,Rehab chiki,Responsable assurance Qualité,3e,https://www.linkedin.com/in/rehab-chiki-1b188846,Responsable assurance qualité,PHARMAPROM,Temps plein,01/2024,aujourd'hui,2 ans 7 mois,Maroc casablanca · Sur site,"Préfecture de Casablanca, Casablanca-Settat, Maroc"
laboratoirespharmaprom,PHARMAPROM,Soufiane MASBAHI,Regulatory Affairs Specialist | Produits de Santé | AMMPS | Conformité Réglementaire | Maroc,3e,https://www.linkedin.com/in/soufiane-masbahi-739427122,Spécialiste Senior des Affaires Réglementaires,PHARMAPROM,Temps plein,12/2025,aujourd'hui,8 mois,Casablanca et périphérie · Sur site,"Casablanca-Settat, Maroc"
laboratoirespharmaprom,PHARMAPROM,fatimaezzahra SAJID,assistante administrative,3e,https://www.linkedin.com/in/fatimaezzahra-sajid-0837b1224,Assistante administrative,PHARMAPROM,none,03/2026,aujourd'hui,5 mois,Maroc · Sur site,"Casablanca, Casablanca-Settat, Maroc"
laboratoirespharmaprom,PHARMAPROM,Maria Habbaj,+10 ans d'expérience dans l'industrie pharmaceutique,3e,https://www.linkedin.com/in/mariahabbaj,Business unit manager,PHARMAPROM,Temps plein,11/2023,aujourd'hui,2 ans 9 mois,"Gestion de la relation avec les parties prenantes, Présentations et 8 compétences de plus",none
amgen,Amgen,Sid ahmed Safsaf,Morocco Deputy Director,3e,https://www.linkedin.com/in/sid-ahmed-safsaf-34360496,AMANYS PHARMA,Temps plein,3 ans 7 mois-,none,none,none,none,"Préfecture de Casablanca, Casablanca-Settat, Maroc"
amgen,Amgen,Ajay Prakash Dubey,Manager | Regulatory Affairs CMC,2e,https://www.linkedin.com/in/apd1,Regulatory Affairs Manager,Amgen,Temps plein,06/2025,aujourd'hui,1 an 2 mois,"Hyderabad, Télangana, Inde · Hybride",none
amgen,Amgen,Ana Paula Fais,Coordenadora de Desenvolvimento Analítico na Blau Farmacêutica,2e,https://www.linkedin.com/in/ana-paula-fais-3718b657,Amgen,8 ans 8 mois,none,none,none,none,none,none
amgen,Amgen,Raeesah Rahiman,Regulatory Affairs Pharmacist,2e,https://www.linkedin.com/in/raeesah-rahiman-691a15163,Senior Regulatory Affairs Pharmacist,Amgen,none,10/2021,aujourd'hui,4 ans 10 mois,"Gauteng, Afrique du Sud",none
amgen,Amgen,HICHAM EL RHAFRI,National sales Manager At Amgen Morocco,3e,https://www.linkedin.com/in/hicham-el-rhafri-56644b49,Amgen,Temps plein,9 ans 6 mois-,none,none,none,none,none
amgen,Amgen,Hamza El Barkani,"Supply Chain Manager Maghreb & South Africa Cluster( Morocco, Algeria, Tunisia, Libya, South Africa)",3e,https://www.linkedin.com/in/hamza-el-barkani-53715247,Supply Chain Manager Maghreb & South Africa Cluster,Amgen,Temps plein,11/2020,aujourd'hui,5 ans 9 mois,"Casablanca-Settat, Maroc · Sur site","Supply Chain Manager Maghreb & South Africa Cluster( Morocco, Algeria, Tunisia, Libya, South Africa)"
amgen,Amgen,Hassane Abdellatifi,Commercial Lead Morocco & Libya at Amgen,3e,https://www.linkedin.com/in/hassane-abdellatifi-727a31231,Commercial Lead Morocco & Libya,Amgen,Temps plein,none,none,none,none,"Rabat, Rabat-Salé-Kénitra, Maroc"
institut-pasteur-du-maroc-ipm,Institut Pasteur du Maroc,Amine Katoui,Assistant de recherche à l'Institut Pasteur,2e,https://www.linkedin.com/in/amine-katoui-76829b1bb,Assistant de recherche (laboratoire de Biologie moléculaire),Institut Pasteur du Maroc,Temps plein,06/2025,aujourd'hui,1 an 2 mois,"Casablanca-Settat, Maroc · Sur site","Casablanca-Settat, Maroc"
institut-pasteur-du-maroc-ipm,Institut Pasteur du Maroc,Haytam Bentouihar,Intern at Institut Pasteur du Maroc,2e,https://www.linkedin.com/in/haytam-bentouihar,Intern,Institut Pasteur du Maroc,Stage,01/2026,aujourd'hui,7 mois,"Casablanca-Settat, Maroc · Sur site",none
institut-pasteur-du-maroc-ipm,Institut Pasteur du Maroc,lamkhantar kenza,Diplômée en sciences biomédicales appliquées,3e,https://www.linkedin.com/in/lamkhantar-kenza,Technicienne de laboratoire - contrôleure qualité alimentaire,Institut Pasteur du Maroc,Stage,05/2026,aujourd'hui,3 mois,"Casablanca-Settat, Maroc · Sur site","Casablanca, Casablanca-Settat, Maroc"
institut-pasteur-du-maroc-ipm,Institut Pasteur du Maroc,Firdaous ABOU AYAD EL IDRISSI,MSc Biotechnology & Health | Genetics • Epigenetics • Bioinformatics,2e,https://www.linkedin.com/in/firdaous-abou-ayad-el-idrissi-9746572a6,Stagiaire,Institut Pasteur du Maroc,Stage,02/2026,aujourd'hui,6 mois,Sur site,"Casablanca, Casablanca-Settat, Maroc"
institut-pasteur-du-maroc-ipm,Institut Pasteur du Maroc,Hiba EL HAMRI,📌 IT & Communication Networks Engineering Student | IoT Enthusiast | Smart Systems | Networking,2e,https://www.linkedin.com/in/hiba-el-hamri-bba0a62b2,Stagiaire en Bioinformatique & Intelligence Artificielle,Institut Pasteur du Maroc,Stage,02/2026,aujourd'hui,6 mois,"Casablanca-Settat, Maroc · Sur site","Oujda, Oriental, Maroc"
institut-pasteur-du-maroc-ipm,Institut Pasteur du Maroc,Ayman Hanane,Stagiaire en sécurité sanitaire et agroalimentaire chez Institut Pasteur du Maroc,3e,https://www.linkedin.com/in/ayman-hanane-810683323,Institut Pasteur du Maroc,1 an 2 mois,none,none,none,none,none,none
institut-pasteur-du-maroc-ipm,Institut Pasteur du Maroc,IBTISSAM E.,technicien de laboratoire,3e,https://www.linkedin.com/in/ibtissam-e-a10236329,Analyste de laboratoire,Institut Pasteur du Maroc,none,05/2026,aujourd'hui,3 mois,Maroc,"Casablanca, Casablanca-Settat, Maroc"
institut-pasteur-du-maroc-ipm,Institut Pasteur du Maroc,GHIZLANE MOMEN,Dr,3e,https://www.linkedin.com/in/ghizlane-momen-20346b141,Assistant de recherche,Institut Pasteur du Maroc,Temps plein,06/2025,aujourd'hui,1 an 2 mois,Maroc,"👤 Suivez MarocAnnonces pour des opportunités d'emploi, conseils carrière et motivation au Maroc."
institut-pasteur-du-maroc-ipm,Institut Pasteur du Maroc,Mohamed BENNANI,Chercheur et responsable laboratoire physico-chimie et toxicologie chez Institut Pasteur,3e,https://www.linkedin.com/in/mohamed-bennani-443927a2,Institut Pasteur,18 ans 7 mois,none,none,none,none,none,"Casablanca-Settat, Maroc"
institut-pasteur-du-maroc-ipm,Institut Pasteur du Maroc,Soukaina Taznart,Laboratory Technician,3e,https://www.linkedin.com/in/soukaina-taznart-39889a2a5,Laboratory Technician,Institut Pasteur du Maroc,Temps plein,06/2024,aujourd'hui,2 ans 2 mois,Maroc,"Casablanca, Casablanca-Settat, Maroc"
msd-global,MSD,aylar asta,Pharma and Biotech,2e,https://www.linkedin.com/in/aylar-asta-b80550185,Medical Sales Representative,MSD,Temps plein,05/2025,aujourd'hui,1 an 3 mois,behestan darou tehran iran · À distance,none
msd-global,MSD,"Khomotso C Nkgapele (M.Pharm, MBA, B.Tech (Quality)",Pharmacist at employed,2e,https://www.linkedin.com/in/khomotso-c-nkgapele-m-pharm-mba-b-tech-quality-65560163,Pharmacist,Self Employed,none,04/2019,aujourd'hui,7 ans 4 mois,Afrique du Sud,none
msd-global,MSD,MD/ MBA. Rim I.,medical advisor,3e,https://www.linkedin.com/in/md-mba-rim-i-b61651163,Medical advisor Oncology Sub-Saharan Africa,MSD,Temps plein,04/2025,aujourd'hui,1 an 4 mois,none,"Rabat-Salé-Kénitra, Maroc"
msd-global,MSD,Ntandoyenkosi Punky Ngano CCRA®,"Clinical Research Associate @ MSD South Africa | GCP, Site Management, Compliance",2e,https://www.linkedin.com/in/ntandoyenkosi-punky-ngano-ccra%C2%AE-7143326b,MSD South Africa,10 ans 5 mois,none,none,none,none,none,none
msd-global,MSD,Precious Zemvelo Mnisi,Senior Pharmacovigilance Specialist SA&SSA at MSD,2e,https://www.linkedin.com/in/precious-zemvelo-mnisi-678834116,MSD,Temps plein,4 ans 1 mois-,none,none,none,none,none
msd-global,MSD,Maroua EL ALAOUI,Senior Regulatory Affairs Specialist Mo & French West Africa,3e,https://www.linkedin.com/in/maroua-el-alaoui-aa55a21a5,Senior Regulatory Affairs Specialist Mo & French West Africa,MSD,Temps plein,06/2024,aujourd'hui,2 ans 2 mois,Maroc,"Casablanca, Casablanca-Settat, Maroc"
msd-global,MSD,Kawtar M.,none,3e,https://www.linkedin.com/in/kawtar-m-078146151,MSD,Temps plein,3 ans 7 mois-,none,none,none,none,"Préfecture de Casablanca, Casablanca-Settat, Maroc"
msd-global,MSD,Fatima zahra El baz,Drug Safety Specialist,3e,https://www.linkedin.com/in/fatima-zahra-el-baz-2a7b2a208,Drug Safety Specialist,MSD Maroc,Temps plein,01/2025,aujourd'hui,1 an 7 mois,none,none
msd-global,MSD,Salaheddine MASLOUH,Oncology Speciality Manager,3e,https://www.linkedin.com/in/salaheddine-maslouh-b928bb6a,MSD,7 ans 9 mois,none,none,none,none,none,none
msd-global,MSD,SAÏD AMEKDOUF,Product specialist oncology chez MSD,3e,https://www.linkedin.com/in/sa%C3%AFd-amekdouf-ab39609a,Product Specialit Oncologie chez MSD,MSD,Temps plein,03/2022,aujourd'hui,4 ans 5 mois,Maroc,none
msd-global,MSD,Precious Maranele,"Associate Director, Regulatory Affairs at MSD | BPharm | LLB",2e,https://www.linkedin.com/in/precious-maranele-80096314,MSD,14 ans,none,none,none,none,none,none
msd-global,MSD,Hicham Belqessam,Oncology Speciality Manager chez MSD,3e,https://www.linkedin.com/in/hicham-belqessam-948345183,Oncology Speciality Manager chez MSD,MSD,Temps plein,03/2020,aujourd'hui,6 ans 5 mois,Maroc,none
therapharma,TheraPharma,Anass JABIR,Délégué médical,3e,https://www.linkedin.com/in/anass-jabir-681191278,Délégué médical et pharmaceutique,TheraPharma,Temps plein,12/2025,aujourd'hui,8 mois,Casablanca,none
therapharma,TheraPharma,Hassan Soufiane Nakach,"Fort d'une experience de plus de 18 ans, je mets mon expertise au service de projets am bitieux, avec une approche orientée résultats, collaboration et excellence opérationnelle.",3e,https://www.linkedin.com/in/hassan-soufiane-nakach-7a63b8199,Visiteur médical,TheraPharma,Temps plein,12/2025,aujourd'hui,8 mois,"Rabat, Rabat-Salé-Kénitra, Maroc · Sur site",none
therapharma,TheraPharma,Adnane Essammami,Délégué médical chez Therapharma,3e,https://www.linkedin.com/in/adnane-essammami-9a5370241,Visiteur médical,GYLMED,none,01/2019 - 09/2023,none,4 ans 9 mois,none,none
therapharma,TheraPharma,Yassir Ghazza,Délégué Médical,3e,https://www.linkedin.com/in/yassir-ghazza-aa9516162,Délégué Medical,TheraPharma,Temps plein,02/2025,aujourd'hui,1 an 6 mois,"Tanger-Tétouan-Al Hoceïma, Maroc",none
therapharma,TheraPharma,Azedine Elamiri,Délégué médical MII-PROMOPLUS,3e,https://www.linkedin.com/in/azedine-elamiri-928082278,none,none,none,none,none,none,none,none
therapharma,TheraPharma,Souhail Madani,Visiteur Médical,3e,https://www.linkedin.com/in/souhail-madani-b8438b10a,Délégué Médical,TheraPharma,Temps plein,01/2026,aujourd'hui,7 mois,Meknès et périphérie · Hybride,none
kosmopharm,Kosmopharm Laboratoires,Hicham Mjad,Comptable chez Labo,3e,https://www.linkedin.com/in/hicham-mjad-b6a8a2115,none,none,none,none,none,none,none,none
kosmopharm,Kosmopharm Laboratoires,EL ASRI Jawhara,Pharmacienne affaires réglementaires,3e,https://www.linkedin.com/in/el-asri-jawhara-69380172,Pharmacien assistant Affaires réglementaires,Laboratoires Bottu S.A.,none,04/2017,aujourd'hui,9 ans 4 mois,Casablanca,"Préfecture de Casablanca, Casablanca-Settat, Maroc"
kosmopharm,Kosmopharm Laboratoires,Fouzia El Hady,Regulatory affairs at KOSMOPHARM LABORATORY,3e,https://www.linkedin.com/in/fouzia-el-hady-6ab56a151,Kosmopharm Laboratoires,9 ans 8 mois,none,none,none,none,none,none
kosmopharm,Kosmopharm Laboratoires,Othman Mouine,Délégué Médical,3e,https://www.linkedin.com/in/othman-mouine-a53876164,Visiteur médical,Kosmopharm Laboratoires,Temps plein,03/2023,aujourd'hui,3 ans 5 mois,Ventes pharmaceutiques,none
kosmopharm,Kosmopharm Laboratoires,Hamza Chekkouri,Responsable en Logistique des Stocks,3e,https://www.linkedin.com/in/hamza-chekkouri-b09418b7,assistant sales representative,Sutherland Global Services,none,02/2015 - 02/2016,none,1 an 1 mois,none,none
kosmopharm,Kosmopharm Laboratoires,azzeddine kerdoudi,"Chef d'entreprise, Copaph",3e,https://www.linkedin.com/in/azzeddine-kerdoudi-01223726,none,none,none,none,none,none,none,none
kosmopharm,Kosmopharm Laboratoires,Zakaria Mdaoui,technicien de fabrication,3e,https://www.linkedin.com/in/zakaria-mdaoui-57994a13b,Technicien fabrication,Kosmopharm Laboratoires,none,12/2018,aujourd'hui,7 ans 8 mois,"Casablanca, Grand Casablanca, Morocco",none
esnapharm-laboratoire,ESNAPHARM LABORATOIRE,Noureddine AZGUIME,Regional Sales Manager | Pharmaceutical Industry | KOL Development | Team Leadership | Business Development | Key Account Management,3e,https://www.linkedin.com/in/noureddine-azguime-6b9639135,Regional Sales Manager,ESNAPHARM LABORATOIRE,none,10/2019,aujourd'hui,6 ans 10 mois,"Marrakech, Marrakech-Safi, Maroc",none
esnapharm-laboratoire,ESNAPHARM LABORATOIRE,Samya L'iraqui,Attended ESCA Ecole de Management,3e,https://www.linkedin.com/in/samya-liraqui,Marketing Manager,ESNAPHARM LABORATOIRE,Temps plein,05/2024,aujourd'hui,2 ans 3 mois,Sur site,none
esnapharm-laboratoire,ESNAPHARM LABORATOIRE,Fatimazahra Ettouil,Visiteur médical chez Esnapharm Laboratoire,3e,https://www.linkedin.com/in/fatimazahra-ettouil-a48991327,Visiteur médical,ESNAPHARM LABORATOIRE,none,11/2024,aujourd'hui,1 an 9 mois,"Marrakech-Safi, Maroc",none
esnapharm-laboratoire,ESNAPHARM LABORATOIRE,ZINEB BOUDARGA,Délegué médical,3e,https://www.linkedin.com/in/zineb-boudarga-919952224,Visiteur médical,ESNAPHARM LABORATOIRE,Temps plein,03/2023,aujourd'hui,3 ans 5 mois,"Casablanca-Settat, Maroc",none
esnapharm-laboratoire,ESNAPHARM LABORATOIRE,Noriddine AMENZOU,First Line Manager,3e,https://www.linkedin.com/in/noriddine-amenzou-74a89787,First Line Manager,ESNAPHARM LABORATOIRE,Temps plein,03/2025,aujourd'hui,1 an 5 mois,"Agadir, Marrakech",none
esnapharm-laboratoire,ESNAPHARM LABORATOIRE,Hasnaa El Jakani,Regulatory Affairs Specialist,3e,https://www.linkedin.com/in/hasnaa-el-jakani-07790a1a2,Chef de projet affaires réglementaires,ESNAPHARM LABORATOIRE,Temps plein,07/2024,aujourd'hui,2 ans 1 mois,Casablanca et périphérie,none
esnapharm-laboratoire,ESNAPHARM LABORATOIRE,Mustapha Atef,--,3e,https://www.linkedin.com/in/mustapha-atef-80b276211,Gestionnaire de stock,ESNAPHARM LABORATOIRE,Temps plein,09/2023,aujourd'hui,2 ans 11 mois,Maroc,none
esnapharm-laboratoire,ESNAPHARM LABORATOIRE,Meriem Essahel,Regulatory Affairs Specialist,3e,https://www.linkedin.com/in/meriem-essahel-62961121b,Regulatory Affairs Specialist,ESNAPHARM LABORATOIRE,none,10/2023,aujourd'hui,2 ans 10 mois,"Casablanca-Settat, Maroc",none
esnapharm-laboratoire,ESNAPHARM LABORATOIRE,Rachid ENNAFAI,Responsable des ventes nationales chez ESNAPHARM LABORATOIRE,3e,https://www.linkedin.com/in/rachid-ennafai-40172961,none,none,none,none,none,none,none,none
esnapharm-laboratoire,ESNAPHARM LABORATOIRE,aya lahmej,Lauréate de l'ENCG Casablanca / Spécialité Management de la logistique .,3e,https://www.linkedin.com/in/aya-lahmej-540980273,Chargée moyens généraux et logistique,ESNAPHARM LABORATOIRE,Temps plein,02/2026,aujourd'hui,6 mois,"Casablanca-Settat, Maroc · Sur site","Casablanca-Settat, Maroc"
sanofi,Sanofi,FATIMA IBGHI,Medical doctor,3e,https://www.linkedin.com/in/fatima-ibghi-6ba738269,Clinical Science Associate - Rare Disease - Speciality Care,Sanofi,none,10/2024,aujourd'hui,1 an 10 mois,"Préfecture de Casablanca, Casablanca-Settat, Maroc",none
sanofi,Sanofi,khadija Aatifi,Regulatory affairs specialist,3e,https://www.linkedin.com/in/khadija-aatifi-660502166,Spécialiste Senior des Affaires Réglementaires,Sanofi,none,12/2024,aujourd'hui,1 an 8 mois,Casablanca et périphérie,none
sanofi,Sanofi,salma idrissi,Comptable chez Sanofi,3e,https://www.linkedin.com/in/salma-idrissi-793a43156,Comptable,Sanofi,none,none,none,none,none,none
sanofi,Sanofi,Chouaib Khlil,Medical Science Liaison - Rare Diseases,3e,https://www.linkedin.com/in/chouaib-khlil-150798251,Medical Science Liaison,Sanofi,Temps plein,03/2025,aujourd'hui,1 an 5 mois,Maroc,none
sanofi,Sanofi,Hicham El Mansouri,Quality Assurance Manager,3e,https://www.linkedin.com/in/hicham-el-mansouri-51278815a,Sanofi,Temps plein,6 ans 7 mois-,none,none,none,none,none
sanofi,Sanofi,Mouloud Khris,Head of Medical Affairs Northern Africa,3e,https://www.linkedin.com/in/mouloudkhris,Sanofi Pasteur,13 ans 4 mois,none,none,none,none,none,none
sanofi,Sanofi,Wahb Abouhassan,Pharmacovigilance Specialist & Local Safety Officer,3e,https://www.linkedin.com/in/wahb-abouhassan-70b8b4209,Pharmacovigilance Specialist & Local Safety Officer,Sanofi,Temps plein,07/2023,aujourd'hui,3 ans 1 mois,Casablanca et périphérie · Sur site,none
sanofi,Sanofi,Samiha E.,Cashflow lead,3e,https://www.linkedin.com/in/samiha-e-768594223,"Cashflow analyst-Morocco,Tunisia,Libya and SSA",Sanofi,Temps plein,05/2023,aujourd'hui,3 ans 3 mois,"Casablanca-Settat, Maroc · Hybride",none
sanofi,Sanofi,Hari Horo,Johdon hallinnointi chez Sanofi,3e,https://www.linkedin.com/in/hari-horo-214831203,Johdon hallinnointi,Sanofi,none,none,none,none,none,none
sanofi,Sanofi,Khadija Salim,Analyste laboratoire at Sanofi,3e,https://www.linkedin.com/in/khadija-salim-10376572,Analyste laboratoire,Sanofi,Temps plein,05/2017,aujourd'hui,9 ans 3 mois,"Casablanca, Casablanca-Settat, Maroc","Préfecture de Casablanca, Casablanca-Settat, Maroc"
sanofi,Sanofi,Nasim Kharodia,Country Quality Graduate | Warehouse Pharmacist | Quality Assurance Pharmacist | Passionate about Pharma Oppotunities,2e,https://www.linkedin.com/in/nasim-kharodia-43baa187,Country Quality Graduate,Sanofi,Temps plein,07/2025,aujourd'hui,1 an 1 mois,Afrique du Sud · Hybride,none
alcon,Alcon,Mustafa Lamharss,HM Medical manager,3e,https://www.linkedin.com/in/mustafa-lamharss-060a66139,Surgical account manager,"Alcon, A Novartis Division",none,none,none,none,none,"Casablanca-Settat, Maroc"
alcon,Alcon,Younes Dlimi,Biomedical Engineer | Clinical Trainer in Robotic Surgery | Advancing Surgical Innovation DaVinci,3e,https://www.linkedin.com/in/younes-dlimi-23b62653,Biomédical engineer/ clinical trainer in Robotic surgery ( advancing Surgery Innovation),ab medica spa,none,09/2024,aujourd'hui,1 an 11 mois,none,none
astrazeneca,AstraZeneca,Tirelo Tito Motsepe,Supply Chain & Quality Operations| Pharmacist,2e,https://www.linkedin.com/in/tirelo-tito-motsepe-04a47516,Distribution Specialist Sub-Saharan Africa,AstraZeneca,Temps plein,07/2024,aujourd'hui,2 ans 1 mois,"Gauteng, Afrique du Sud",none
astrazeneca,AstraZeneca,meriyam bellabsili,Sales representative chez Pharmaceutical Institute S.A.,3e,https://www.linkedin.com/in/meriyam-bellabsili-180799171,Sales representative,Pharmaceutical Institute S.A.,none,04/2021,aujourd'hui,5 ans 4 mois,none,none
astrazeneca,AstraZeneca,Nejwa Lamrani,Senior Market Access Manager Morocco in AstraZeneca | Pharmaco economy,3e,https://www.linkedin.com/in/nejwa-lamrani,Senior Market Access Manager Morocco,AstraZeneca,Temps plein,05/2023,aujourd'hui,3 ans 3 mois,"Préfecture de Casablanca, Casablanca-Settat, Maroc · Sur site",none
astrazeneca,AstraZeneca,youssef aboussoufian,Team Leader,3e,https://www.linkedin.com/in/youssef-aboussoufian-6a8218157,Team Leader,AstraZeneca,Temps plein,01/2024,aujourd'hui,2 ans 7 mois,Maroc,none
astrazeneca,AstraZeneca,"Safa Mellak, PhD",Senior Brand Manager Oncology,3e,https://www.linkedin.com/in/safa-mellak,Senior Brand Manager Oncology,AstraZeneca,Temps plein,04/2024,aujourd'hui,2 ans 4 mois,Casablanca et périphérie · Sur site,none
astrazeneca,AstraZeneca,El mehdi moualim,Specialized IT Support Technician in Computer Systems and Networks,3e,https://www.linkedin.com/in/it-cnt,IT Support Technician,AstraZeneca,CDD,02/2024,aujourd'hui,2 ans 6 mois,Sur site,none
astrazeneca,AstraZeneca,Grace Igweze,"Quality, Compliance, Governance & Medical Information Professional",2e,https://www.linkedin.com/in/grace-igweze-10080591,AstraZeneca,Temps plein,9 ans 4 mois-,none,none,none,none,none
astrazeneca,AstraZeneca,Nhanisi Awakhiwe Ndlovu,Medical Lead Oncology and Haematology at AstraZeneca,2e,https://www.linkedin.com/in/nhanisi-awakhiwe-ndlovu-a1832119b,Medical Lead Oncology and Haematology,AstraZeneca,Temps plein,12/2025,aujourd'hui,8 mois,Afrique du Sud,none
astrazeneca,AstraZeneca,khalid boutizla,Génie civil,3e,https://www.linkedin.com/in/khalid-boutizla-48b483237,Technicien GIS,GÉOMÈTRE TOPOGRAPHE,Temps plein,10/2021,aujourd'hui,4 ans 10 mois,"Inezgane, Souss-Massa, Maroc","Agadir, Souss-Massa, Maroc"
astrazeneca,AstraZeneca,kaoutar Madouim,"Master 1, management marketing et commerce international école supérieure internationale de gestion ( ESIG) Casablanca.",3e,https://www.linkedin.com/in/kaoutar-madouim-9816b21b4,Commercial Sales Representative,AstraZeneca,Temps plein,12/2015,aujourd'hui,10 ans 8 mois,Maroc,none
astrazeneca,AstraZeneca,Youssef Bassa,Senior Medical Representative at Astrazeneca,3e,https://www.linkedin.com/in/youssef-bassa-51a448176,AstraZeneca,Temps plein,4 ans 6 mois-,none,none,none,none,none
cyclopharma,Cyclopharma,HOUDA HICHAMI,Chimiste Analyste de laboratoire,3e,https://www.linkedin.com/in/houda-hichami-a92aab264,Cyclopharma,8 ans 7 mois,none,none,none,none,none,none
cyclopharma,Cyclopharma,Marouane FADLALLAH,Agent administratif attaché au service commercial chez Cyclopharma,3e,https://www.linkedin.com/in/marouane-fadlallah-6b6423142,Agent administratif attaché au service commercial,Cyclopharma,none,12/2015,aujourd'hui,10 ans 8 mois,bouskoura,none
eli-lilly-and-company,Eli Lilly and Company,ADOULE Abdelouahed,Attaché à l'information médicale chez Eli Lilly and Company,3e,https://www.linkedin.com/in/adoule-abdelouahed-89a95877,Attaché à l'information médicale,Eli Lilly and Company,none,2016,aujourd'hui,10 ans 7 mois,"Préfecture de Casablanca, Casablanca-Settat, Maroc",none
eli-lilly-and-company,Eli Lilly and Company,Nigel Gono,Quality Assurance & Operations Specialist | Biopharma Manufacturing | MSc Industrial Pharmaceutical Sciences,2e,https://www.linkedin.com/in/nigel-gono-792aab2b0,Quality Assurance Associate,Eli Lilly and Company,CDD,01/2026,aujourd'hui,7 mois,"Kinsale, Irlande · Sur site",none
eli-lilly-and-company,Eli Lilly and Company,Yuthika Prahladh,Pharmacist,2e,https://www.linkedin.com/in/yuthika-prahladh-ba891999,Senior Quality Associate and RCP / Deputy Responsible Pharmacist,Eli Lilly and Company,Temps plein,11/2022,aujourd'hui,3 ans 9 mois,Afrique du Sud,none
eli-lilly-and-company,Eli Lilly and Company,Theresa Phiri,Senior Regulatory Pharmacist,2e,https://www.linkedin.com/in/theresa-phiri-b97a5a88,Senior Regulatory Affairs Pharmacist,Eli Lilly and Company,Temps plein,01/2026,aujourd'hui,7 mois,"Bryanston, Gauteng, Afrique du Sud · Hybride",none
eli-lilly-and-company,Eli Lilly and Company,Najat OBADI,Event & Sales Coordinator at Eli Lilly and Company,3e,https://www.linkedin.com/in/najat-obadi-02931a105,Event & Sales Coordinator,Eli Lilly and Company,none,06/2014,aujourd'hui,12 ans 2 mois,none,none
eli-lilly-and-company,Eli Lilly and Company,Majda EDDAHBY,Nutritionniste,3e,https://www.linkedin.com/in/majda-eddahby-62247422,Educador,Eli Lilly and Company,Temps plein,02/2014,aujourd'hui,12 ans 6 mois,"Rabat, Rabat-Salé-Kénitra, Maroc",none
eli-lilly-and-company,Eli Lilly and Company,Ouassima Ouajjou,Morocco Marketing Support & NWA Event Coordinator chez Eli Lilly (Suisse) Bureau du Maroc,3e,https://www.linkedin.com/in/ouassima-ouajjou-a73baa48,Eli Lilly and Company,12 ans 2 mois,none,none,none,none,none,none
freseniusmedicalcare,Fresenius Medical Care,"Redouane Belhaimeur , MBA",Head of NephroCare chez Fresenius Medical Care NC,3e,https://www.linkedin.com/in/redouane-belhaimeur-mba-a6593b48,Fresenius Medical Care,8 ans 1 mois,none,none,none,none,none,none
freseniusmedicalcare,Fresenius Medical Care,Soukaina AZDIG,Internal Control Manager | SOX & ICS Expert | Global Testing (EMEA & GBS) | SAP | Risk & Compliance,3e,https://www.linkedin.com/in/soukaina-azdig-93850b60,Fresenius Medical Care,Temps plein,7 ans 11 mois-,none,none,none,none,none
freseniusmedicalcare,Fresenius Medical Care,Imane Ouadighi,R2R accounts analyst,3e,https://www.linkedin.com/in/imane-ouadighi-879881217,R2R accounts analyst,Fresenius Medical Care,none,01/2023,aujourd'hui,3 ans 7 mois,none,none
freseniusmedicalcare,Fresenius Medical Care,LABYED Nezha,Finance Transformation /FP&A / Business Partner / Controlling / Accounting / Internal Controls,3e,https://www.linkedin.com/in/labyed-nezha-1824b43,Fresenius Medical Care,15 ans,none,none,none,none,none,none
freseniusmedicalcare,Fresenius Medical Care,Mohamed HARKATI,REGIONAL SALES MANAGER,3e,https://www.linkedin.com/in/mohamed-harkati-266b75147,Fresenius Medical Care,Temps plein,9 ans 6 mois-,none,none,none,none,none
freseniusmedicalcare,Fresenius Medical Care,HICHAM BOUKIDOUR,Field Sales Service Technician,3e,https://www.linkedin.com/in/hicham-boukidour-4369b216a,Field Sales Service technician,Fresenius Medical Care,Temps plein,07/2024,aujourd'hui,2 ans 1 mois,Maroc,none
freseniusmedicalcare,Fresenius Medical Care,Kawtar Lansari,Marketing & Event Management | Multinational Environment,3e,https://www.linkedin.com/in/kawtar-lansari-52521017,Fresenius Medical Care,14 ans,none,none,none,none,none,none
freseniusmedicalcare,Fresenius Medical Care,Ahmed Antoum,"Regional Field Operations Lead, Morocco & TPI TO Coordination Lead, North, West and Central Africa.",3e,https://www.linkedin.com/in/ahmed-antoum-b83045102,Technical Operations Manager,Fresenius Medical Care NOCA,Temps plein,01/2001 - 11/2025,none,24 ans 11 mois,"Préfecture de Casablanca, Casablanca-Settat, Maroc",none
laboratories-genpharma,Laboratories GENPHARMA,said hadane,Superviseur de production chez Laboratories GENPHARMA,3e,https://www.linkedin.com/in/said-hadane,Superviseur équipe,Laboratories GENPHARMA,Temps plein,05/2018,aujourd'hui,8 ans 3 mois,"El Jadida, Casablanca-Settat, Maroc",none
laboratories-genpharma,Laboratories GENPHARMA,Achraf Ayar,Docteur en pharmacie,3e,https://www.linkedin.com/in/achraf-ayar32,Pharmacien assistant de production,Laboratories GENPHARMA,Temps plein,02/2026,aujourd'hui,6 mois,none,"Casablanca-Settat, Maroc"
laboratories-genpharma,Laboratories GENPHARMA,MANISH THAKUR,head maintenance genpharma laboratory,3e,https://www.linkedin.com/in/manish-thakur-3a83a652,Manager,Laboratories GENPHARMA,Temps plein,05/2025,aujourd'hui,1 an 3 mois,none,none
laboratories-genpharma,Laboratories GENPHARMA,Foued SBAI,Docteur en pharmacie chez Victor Babeş University of Medicine and Pharmacy of Timişoara,3e,https://www.linkedin.com/in/foued-sbai-261411127,District sales manager,Laboratories GENPHARMA,Temps plein,01/2025,aujourd'hui,1 an 7 mois,"Casablanca-Settat, Maroc","Casablanca-Settat, Maroc"
laboratories-genpharma,Laboratories GENPHARMA,ELKADIMI AYYOUB,Coordinateur HSE chez Sothema,3e,https://www.linkedin.com/in/elkadimi-ayyoub-35476411b,Coordinateur HSE,Sothema,none,01/2020,aujourd'hui,6 ans 7 mois,"Bouskoura, Casablanca-Settat, Maroc",none
laboratories-genpharma,Laboratories GENPHARMA,sanae saissi-hassani,supervieure de production,3e,https://www.linkedin.com/in/sanae-saissi-hassani-4b23329b,Assistant production,Laboratoires Bottu S.A.,none,01/2016,aujourd'hui,10 ans 7 mois,Gestion de la production,none
laboratories-genpharma,Laboratories GENPHARMA,AZIZ KHACHIA,Technicien Supérieur de la Maintenance,3e,https://www.linkedin.com/in/aziz-khachia-8b2b4943,none,none,none,none,none,none,none,none
laboratories-genpharma,Laboratories GENPHARMA,Aymen SABRO,Technicien Maintenance chez Genpharma,3e,https://www.linkedin.com/in/aymen-sabro,Laboratories GENPHARMA,Temps plein,2 ans 2 mois-,none,none,none,none,none
laboratories-genpharma,Laboratories GENPHARMA,El mostafa Mounir,responsable de maintenance chez béton industrielle manufacturière bouznika,3e,https://www.linkedin.com/in/el-mostafa-mounir-b4959312b,Opérateur de machine,Laboratories GENPHARMA,Temps plein,03/2013,aujourd'hui,13 ans 5 mois,"El Jadida, Casablanca-Settat, Maroc · Sur site",none
bayer,Bayer,Mohamed Mouataz Ettaib,Industrial Engineering Student at ENSAM-C,2e,https://www.linkedin.com/in/mouataz-ettaib,Supply Chain Engineering Intern,Bayer,Stage,06/2026,aujourd'hui,2 mois,"Nouaceur, Casablanca-Settat, Maroc · Sur site",none
bayer,Bayer,Samira Bouazzaoui,Technicienne contrôle de qualité,3e,https://www.linkedin.com/in/samira-bouazzaoui-8a6aaa250,Technicienne contrôle qualité,Bayer,none,10/2025,aujourd'hui,10 mois,Maroc,none
bayer,Bayer,Safir Baatir,Production Operations Manager,3e,https://www.linkedin.com/in/safir-baatir-38a319168,Bayer,6 ans 7 mois,none,none,none,none,none,none
bayer,Bayer,Nawal Louadoudi,HR Administration & Payroll Manager North Africa chez Bayer,3e,https://www.linkedin.com/in/nawal-louadoudi-6aaa49113,Bayer,20 ans 3 mois,none,none,none,none,none,none
bayer,Bayer,HYND BOUHYA,Product & Customer Specialist at Bayer HealthCare,3e,https://www.linkedin.com/in/hynd-bouhya-82806880,Bayer Pharmaceuticals,14 ans 11 mois,none,none,none,none,none,none
bayer,Bayer,Amine Badri,Conducteur machine pharmaceutique,3e,https://www.linkedin.com/in/amine-badri-a8972b134,Opérateur de ligne,Bayer,none,11/2023,aujourd'hui,2 ans 9 mois,"Nouaceur, Casablanca-Settat, Maroc · Sur site",none
bayer,Bayer,yassine quodsi,Responsable magasin gestionnaire chez Bayer,3e,https://www.linkedin.com/in/yassine-quodsi-21a5b574,Responsable magasin gestionnaire,Bayer,none,09/1975,aujourd'hui,50 ans 11 mois,"Casablanca, Grand Casablanca, Morocco",none
bayer,Bayer,seffaj said,manufacturing operator at bayer pharmaceuticals,2e,https://www.linkedin.com/in/seffaj-said-443898129,Manufacturing Operator,Bayer,Temps plein,05/2019,aujourd'hui,7 ans 3 mois,"Nouaceur, Casablanca-Settat, Maroc · Sur site",none
bayer,Bayer,Mohamed Youbi,Délégué chez Bayer,3e,https://www.linkedin.com/in/mohamed-youbi-76b993172,none,none,none,none,none,none,none,none
bayer,Bayer,Najoua MDERDER,Customer engagement specialist en Hématologie,3e,https://www.linkedin.com/in/najoua-mderder-569884261,Customer engagement specialist,Bayer,Temps plein,09/2024,aujourd'hui,1 an 11 mois,Maroc,none
bayer,Bayer,Abdelaziz Fadili,Quality control coordinator,3e,https://www.linkedin.com/in/abdelaziz-fadili-3989a66a,Pfizer,Temps plein,5 ans 9 mois-,none,none,none,none,none
laboratoire-deva-pharmaceutique,Laboratoire Deva Pharmaceutique,Ahmed Fanir,PRÉPARATEUR DE PESÉE PHARMACEUTIQUE ET CONDUCTEUR DE MACHINE AVEC EXPÉRIENCE EN COMPRESSION (5 ANS D'EXPÉRIENCE).,3e,https://www.linkedin.com/in/ahmed-fanir-33182a27a,Préparateure,Laboratoire Deva Pharmaceutique,none,09/2024,aujourd'hui,1 an 11 mois,"Tit Mellil, Casablanca-Settat, Maroc",none
laboratoire-deva-pharmaceutique,Laboratoire Deva Pharmaceutique,Fatima SOLTANI,Responsable coordination ventes et marketing,3e,https://www.linkedin.com/in/fatima-soltani-895357ab,Responsable coordination ventes et marketing,Laboratoire Deva Pharmaceutique,Temps plein,11/2022,aujourd'hui,3 ans 9 mois,"Casablanca-Settat, Maroc · Sur site",none
laboratoire-deva-pharmaceutique,Laboratoire Deva Pharmaceutique,chaimaa gaour,Logisticienne,3e,https://www.linkedin.com/in/chaimaa-gaour-592221178,Assistante achat,Laboratoire Deva Pharmaceutique,none,02/2023,aujourd'hui,3 ans 6 mois,Maroc,none
laboratoire-deva-pharmaceutique,Laboratoire Deva Pharmaceutique,Karima Makhloufi,Coordinateur assurance qualité chez Laboratoire Deva Pharmaceutique,3e,https://www.linkedin.com/in/karima-makhloufi-3a595827b,Coordinateur assurance qualité,Laboratoire Deva Pharmaceutique,Temps plein,07/2019,aujourd'hui,7 ans 1 mois,none,none
laboratoire-deva-pharmaceutique,Laboratoire Deva Pharmaceutique,Boujamaa Hilmi,technicien maintenance,3e,https://www.linkedin.com/in/boujamaa-hilmi-b4b071297,Technicien maintenance,Laboratoire Deva Pharmaceutique,none,12/2025,aujourd'hui,8 mois,"Casablanca-Settat, Maroc",none
laboratoire-deva-pharmaceutique,Laboratoire Deva Pharmaceutique,Hasnaa Moustaoui,contrôle qualité et développement,3e,https://www.linkedin.com/in/hasnaa-moustaoui-650945157,Chargé contrôle qualité et développement,Laboratoire Deva Pharmaceutique,none,03/2021,aujourd'hui,5 ans 5 mois,Maroc,"Casablanca-Settat, Maroc"
laboratoire-deva-pharmaceutique,Laboratoire Deva Pharmaceutique,SALAHEDDINE EL IDRISSI,Opérateur production chez Laboratoire Deva Pharmaceutique,3e,https://www.linkedin.com/in/salaheddine-el-idrissi-11016b214,Opérateur production,Laboratoire Deva Pharmaceutique,none,05/2026,aujourd'hui,3 mois,"Tit Mellil, Casablanca-Settat, Maroc",none
laboratoire-deva-pharmaceutique,Laboratoire Deva Pharmaceutique,Boudhir Abdenaser,Magasinier,3e,https://www.linkedin.com/in/boudhir-abdenaser-4787192b3,Magasinier,Laboratoire Deva Pharmaceutique,none,09/2024,aujourd'hui,1 an 11 mois,"Tit Mellil, Casablanca-Settat, Maroc",none
laboratoire-deva-pharmaceutique,Laboratoire Deva Pharmaceutique,Abdeljalil Nouiouicha,Il a de l'expérience dans le domaine du mélange des liquides et des solides et remplissage,3e,https://www.linkedin.com/in/abdeljalil-nouiouicha-802294292,Assistant,Laboratoire Deva Pharmaceutique,CDD,10/2021,aujourd'hui,4 ans 10 mois,Maroc,none
laboratoire-deva-pharmaceutique,Laboratoire Deva Pharmaceutique,CHIADMI AYOUB,Chargé HSE,3e,https://www.linkedin.com/in/chiadmiayoub99,Chargé HSE,Laboratoire Deva Pharmaceutique,Temps plein,10/2023,aujourd'hui,2 ans 10 mois,Casablanca et périphérie,none
pharmis-biofarmac-utica-lda,Pharmis,Oumrir Habiba,A étudié à : Université Hassan II Mohammedia,3e,https://www.linkedin.com/in/oumrir-habiba-807933166,chargée assurance qualité,Pharmis,Temps plein,12/2021,aujourd'hui,4 ans 8 mois,none,none
pharmis-biofarmac-utica-lda,Pharmis,Ghita Elmounachete,Master Bio-ingenieurie Médicale Agroalimentaire et Environnement,3e,https://www.linkedin.com/in/ghita-elmounachete-b12776258,Chargée assurance qualité,Pharmis,Temps plein,04/2025,aujourd'hui,1 an 4 mois,none,none
pharmis-biofarmac-utica-lda,Pharmis,Said Khatrani,--technicien de maintenance,3e,https://www.linkedin.com/in/said-khatrani-04aa90226,Technicien maintenance,Pharmis,Temps plein,01/2026,aujourd'hui,7 mois,"Casablanca-Settat, Maroc · Sur site",none
pharmis-biofarmac-utica-lda,Pharmis,Hicham ABDELAOUI,chef maintenance,3e,https://www.linkedin.com/in/hicham-abdelaoui-468564206,Pharmis,16 ans 4 mois,none,none,none,none,none,none
pharmis-biofarmac-utica-lda,Pharmis,Taai Atmane,technicien de laboratoire chez pharmis,3e,https://www.linkedin.com/in/taai-atmane-127285154,technicien de laboratoire,Pharmis,none,2014,aujourd'hui,12 ans 7 mois,Maroc,none
pharmis-biofarmac-utica-lda,Pharmis,Amal Nassif,Ph.D Scientifique,3e,https://www.linkedin.com/in/amal-nassif-27568257,QUALITY CONTROL MANAGER,Afric Phar,none,10/2010 - 06/2015,none,4 ans 9 mois,none,none
pharmis-biofarmac-utica-lda,Pharmis,ELHOUBI Soufiane,Technicien de laboratoire chargée de Contrôle Qualité chez Pharmis,3e,https://www.linkedin.com/in/elhoubi-soufiane-a8140317a,none,none,none,none,none,none,none,none
pharmis-biofarmac-utica-lda,Pharmis,Fatimazahra Naquouri,..,3e,https://www.linkedin.com/in/fatimazahra-naquouri-8937b4250,Assistante achats,Pharmis,none,09/2024,aujourd'hui,1 an 11 mois,none,none
pharmis-biofarmac-utica-lda,Pharmis,Amal AAMER,Analyste laboratoire pharmaceutique chargé contrôle qualité at Pharmis,3e,https://www.linkedin.com/in/amal-aamer-3a784920a,Analyste laboratoire pharmaceutique chargé contrôle qualité,Pharmis,Temps plein,05/2017,aujourd'hui,9 ans 3 mois,"Travail d'équipe, Matières Premières et 5 compétences de plus",none
amanys-pharma,AMANYS PHARMA,"Yahya Benyahkoub, PhD, MBA",Chef de produit Intensive and Hospital Care,3e,https://www.linkedin.com/in/yahya-benyahkoub-phd-mba-911a58201,AMANYS PHARMA,Temps plein,2 ans 7 mois-,none,none,none,none,none
amanys-pharma,AMANYS PHARMA,ISMAIL EL MESSARY,Intérim chez amanys pharma chez Amanys Pharma (ex Saham Pharma),3e,https://www.linkedin.com/in/ismail-el-messary-2684b1293,Intérim chez amanys pharma,Amanys Pharma (ex Saham Pharma),Temps partiel,none,none,none,none,"Rabat, Rabat-Salé-Kénitra, Maroc"
amanys-pharma,AMANYS PHARMA,RANJEET PAWAR,"Senior Executive Production (Project Executive) @Amanys Pharma, Rabat, Morroco",3e,https://www.linkedin.com/in/ranjeet-pawar-ba02561a7,Senior Production Executive,AMANYS PHARMA,none,11/2025,aujourd'hui,9 mois,"Rabat, Rabat-Salé-Kénitra, Maroc · Sur site",none
amanys-pharma,AMANYS PHARMA,Houda Bourichi,Responsable QC,3e,https://www.linkedin.com/in/houda-bourichi-2b4332291,Responsable contrôle qualité,AMANYS PHARMA,Temps plein,09/2024,aujourd'hui,1 an 11 mois,none,none
amanys-pharma,AMANYS PHARMA,Ayoub Moussa,Quality Control at Amanys pharma,3e,https://www.linkedin.com/in/ayoub-moussa,Quality Control Analyst,AMANYS PHARMA,Temps plein,03/2025,aujourd'hui,1 an 5 mois,none,none
amanys-pharma,AMANYS PHARMA,Badreddine Benlarbi,Magasinier logistique | Gestion des stocks & chaîne d'approvisionnement | Électromécanique & maintenance industrielle,3e,https://www.linkedin.com/in/badreddine-benlarbi-b974b8212,Amanys Pharma (ex Saham Pharma),7 ans 2 mois,none,none,none,none,none,none
amanys-pharma,AMANYS PHARMA,Youssef Oimdina,KEY ACCOUNT MANAGER /PRODUCT SPECIALIST,3e,https://www.linkedin.com/in/youssef-oimdina-023288a3,Product specialst,AMANYS PHARMA,none,05/2026,aujourd'hui,3 mois,"Rabat, Rabat-Salé-Kénitra, Maroc · Sur site",none
amanys-pharma,AMANYS PHARMA,ilham el khalil,Chimie Physique Analytique et matériaux | Technicienne de laboratoire chez AMANYS PHARMA,3e,https://www.linkedin.com/in/ilham-el-khalil,AMANYS PHARMA,Temps plein,3 ans 10 mois-,none,none,none,none,none
amanys-pharma,AMANYS PHARMA,elmahdi rabih,"Visa Consultant @ TLScontact | Customer Service, Retail",3e,https://www.linkedin.com/in/elmahdi-rabih-327730116,Assistant Administratif,AMANYS PHARMA,Temps plein,01/2026,aujourd'hui,7 mois,"Rabat, Rabat-Salé-Kénitra, Maroc · Sur site",none
amanys-pharma,AMANYS PHARMA,El Bahi Achraf,Coordinateur Logistique & Distribution Pharmaceutique,3e,https://www.linkedin.com/in/el-bahi-achraf-a52452235,AMANYS PHARMA,Temps plein,3 ans 10 mois-,none,none,none,none,none
amanys-pharma,AMANYS PHARMA,EL AMRANI Abdellah,Acheteur projet | Project buyer | Achats Capex & Opex ( 𝐂𝐞𝐫𝐭𝐢𝐟𝐢𝐞𝐝 𝐒𝐮𝐩𝐩𝐥𝐲 𝐂𝐡𝐚𝐢𝐧 𝐀𝐧𝐚𝐥𝐲𝐬𝐭 ),3e,https://www.linkedin.com/in/el-amrani-abdellah,Acheteur projet-GF | Project buyer -GF,AMANYS PHARMA,Temps plein,09/2025,aujourd'hui,11 mois,"Rabat, Rabat-Salé-Kénitra, Maroc · Sur site",none
hyphadiet,Hyphadiet,BELCADI SAAD,Gérant chez HYPHADIET,3e,https://www.linkedin.com/in/belcadi-saad-93602a101,none,none,none,none,none,none,none,none
leo-pharma-france,LEO Pharma France,Laurine Saintvoirin,Technicienne chimiste,3e,https://www.linkedin.com/in/laurine-saintvoirin-32824a68,Technicienne de laboratoire,LEO Pharma France,none,05/2026,aujourd'hui,3 mois,"Vernouillet, Centre-Val de Loire, France · Sur site",none
leo-pharma-france,LEO Pharma France,Michael Deau,"Medical Director, Medical Affairs",3e,https://www.linkedin.com/in/michael-deau-5094a17,Medical Director,LEO Pharma France,CDI,05/2022,aujourd'hui,4 ans 3 mois,"Ville de Paris, Île-de-France, France",none
leo-pharma-france,LEO Pharma France,Widad. B,Alternante en Master 2 Sciences du medicament et des produits de santé mention qualité à l'Université Paris-Saclay,3e,https://www.linkedin.com/in/widad-b-963590223,none,none,none,none,none,none,none,none
