company_name,website,date_creation,contact,secteur,employe,primary_address,other_addresses,linkedin_url
Sothema,http://www.sothema.com,1 novembre 2024,None,Fabrication de produits pharmaceutiques,1063,"BP n°1 Zone Industrielle, Bouskoura, 27182, MA","82 Bd Chefchaouni, Casablanca, Ain Sebaa MA",https://www.linkedin.com/company/laboratoire-sothema/about/
PharmaS,http://www.pharmas-group.com,13 novembre 2025,None,Fabrication de produits pharmaceutiques,274,None,None,https://www.linkedin.com/company/pharmas-d.o.o./about/
LAPROPHAN,https://laprophan.com,None,+212522663320,Fabrication de produits pharmaceutiques,513,"18 BD Emile Zola, Casablanca, 20300, MA","7 route de l'unité, Casablanca, MA; 21 Rue des Oudayas, Roches-Noires, Casablanca-Settat 20000, MA",https://www.linkedin.com/company/laprophan/about/
Maphar,http://www.maphar.ma,27 janvier 2025,None,Fabrication de produits pharmaceutiques,514,"Siège Social / Site Industriel : Boulevard Alkimia n°6 - Quartier Industriel - Sidi Bernoussi - Casablanca - MAROC, Casablanca, Casablanca 20100, MA","Centre de Distribution : RP1 Route de Rabat - Ain Sebaâ - 20590 Casablanca Route de rabat quartier ain sebaa, Casablanca, 20000, MA",https://www.linkedin.com/company/maphar/about/
Afric Phar,http://www.africphar.com,None,None,None,None,MA,None,https://www.linkedin.com/company/afric-phar/about/
Cooper Pharma,http://cooperpharma.ma,12 septembre 2023,None,Fabrication de produits pharmaceutiques,953,None,None,https://www.linkedin.com/company/cooper-pharma/about/
Synthemedic,http://www.synthemedic.com/,None,None,None,1989,"20-22 Rue Zoubeir Bnou Aouam, Casablanca 20300, Casablanca, MA",None,https://www.linkedin.com/company/synthemedic/about/
Polymedic,http://www.polymedic.com.au,None,1800426856,Hôpitaux et services de santé,332,"13-15 Tonka St, Luscombe, Queensland 4207, AU",None,https://www.linkedin.com/company/polymedic/about/
Laboratoire pharmaceutique NOVOPHARMA,http://novopharma.ma,None,None,None,224,"Tit mellil, Mediouna MA",None,https://www.linkedin.com/company/laboratoire-pharmaceutique-novopharma/about/
Steripharma,http://www.steripharma.com,None,0522972084,Fabrication de produits pharmaceutiques,143,"Lotiss. Lina, z.i. lot 347, Sidi Maârouf, Casablanca, 20280, MA",None,https://www.linkedin.com/company/steripharma/about/
Pharmaceutical Institute,http://www.phi.ma,7 mars 2025,None,Fabrication de produits pharmaceutiques,228,"RS 203 ROUTE AKREUCH, OUM AZZA, Région de RABAT 12100, MA",None,https://www.linkedin.com/company/pharmaceutical-institute/about/
SUN PHARMA,http://www.sunpharma.com,1 mars 2023,43244324,None,None,None,None,https://www.linkedin.com/company/sun-pharma/about/
GALENICA,https://galenica.mx,None,8180501994,Santé et services sociaux,51-200,None,None,https://www.linkedin.com/company/galenica/about/
Servier Maroc,http://www.servier.ma,None,None,None,None,"Immeuble Zevaco, Lot Fath 4 Bd Abdelhadi Boutaleb (Ex. Rte d’Azemmour) 20180 Casablanca, Casablanca, MA","Zone industrielle, Aéropôle de Nouasseur Nouasseur, Nouaceur, MA",https://www.linkedin.com/company/servier-maroc/about/
VIATRIS PHARMACEUTICALS LIMITED,None,None,None,None,None,"MERLIN PLACE MILTON ROAD, CAMBRIDGE, CB4 0DP, GB",None,https://www.linkedin.com/company/viatris-pharmaceuticals-limited/about/
IPHADERM,https://www.iphacare.com,None,0522994559,Cosmétiques,48,"6, Rue Ibn Khalikane - quartier palmiers, Casablanca, 20500, MA",None,https://www.linkedin.com/company/iphaderm/about/
MC Pharma,None,None,None,None,None,None,None,https://www.linkedin.com/company/mc-pharma/about/
Ergo Maroc,https://ergomaroc.com/,None,+212522542880,Fabrication de produits pharmaceutiques,12,"108 Rue Pierre Parent , Casablanca, Casablanca-Settat 20110, MA",None,https://www.linkedin.com/company/ergo-maroc/about/
SPIMACO,http://www.spimaco.com.sa,12 septembre 2023,0112523333,None,None,None,None,https://www.linkedin.com/company/spimaco/about/
Hemolab Pharma,https://hemolab.ma/,None,+212522264141,Fabrication de produits pharmaceutiques,70,None,None,https://www.linkedin.com/company/hemolabpharma/about/
Arwa Medic,http://www.arwamedic.com,None,+212524496068,Fabrication de produits pharmaceutiques,89,"40, Zone Industrielle, Sidi Ghanem, Marrakech, Marrakech Safi 40000, MA",None,https://www.linkedin.com/company/arwamedic/about/
Medipro Pharma,https://www.medipropharma.ma,None,+212522980772,Fabrication de produits pharmaceutiques,133,"9 Rue des cigales, casablanca, casablanca 20410, MA",None,https://www.linkedin.com/company/medipropharma/about/
Génération Santé,http://www.generationsantepharma.com/,None,None,None,48,None,None,https://www.linkedin.com/company/génération-santé/about/
Pharmed Limited,http://www.pharmedlimited.com,1 novembre 2024,+918069278000,None,None,None,None,https://www.linkedin.com/company/pharmedlimited/about/
SYNAPSE SANTE,https://www.synapse-sante.fr/,None,0383629090,Fabrication d’équipements médicaux,50,"9 Rue Paul Langevin , MAXEVILLE, 54520, FR",None,https://www.linkedin.com/company/synapsesante/about/
Pfizer,https://www.pfizer.com/?source=Linkedin,15 août 2023,None,Fabrication de produits pharmaceutiques,107331,None,None,https://www.linkedin.com/company/pfizer/about/
PHARMAPROM,http://www.pharmaprom.ma,None,+212522697363,Fabrication de produits pharmaceutiques,55,"Route d’El Jadida, Km 9, Lot. Bab El Kheir N° 12, Lissasfa, Casablanca , MA",None,https://www.linkedin.com/company/laboratoirespharmaprom/about/
Amgen,http://www.amgen.com,1 mars 2023,None,Recherche en biotechnologie,40947,None,None,https://www.linkedin.com/company/amgen/about/
Institut Pasteur du Maroc,http://www.pasteur.ma/fr,None,0522434450,Santé publique,121,"1 Place Louis Pasteur, Casablanca, Casablanca-Settat 20360, MA",None,https://www.linkedin.com/company/institut-pasteur-du-maroc-ipm/about/
MSD,http://www.msd.com,15 juin 2023,None,Fabrication de produits pharmaceutiques,39551,None,None,https://www.linkedin.com/company/msd-global/about/
TheraPharma,http://therapharma.mx/,None,None,None,2024,"CDMX, CDMX, MX",None,https://www.linkedin.com/company/therapharma/about/
Kosmopharm Laboratoires,http://www.kosmopharm.com/,None,+212522972658,Fabrication de produits pharmaceutiques,18,"Route 5, Lotissement Lina, Zone Industrielle, Sidi Maarouf, 272, Casablanca 20100, Casablanca, Casablanca 20100, MA",None,https://www.linkedin.com/company/kosmopharm/about/
ESNAPHARM LABORATOIRE,http://www.esnapharm.com,None,None,None,86,"Rue Nabouls, El Maarif, Casablanca-Settat 20370, MA",None,https://www.linkedin.com/company/esnapharm-laboratoire/about/
Sanofi,http://www.sanofi.com,1 mars 2023,None,Fabrication de produits pharmaceutiques,93360,None,None,https://www.linkedin.com/company/sanofi/about/
Alcon,http://www.alcon.com,1 mars 2023,None,Fabrication d’équipements médicaux,27634,None,None,https://www.linkedin.com/company/alcon/about/
AstraZeneca,http://www.astrazeneca.com,1 mars 2023,None,Fabrication de produits pharmaceutiques,80063,None,None,https://www.linkedin.com/company/astrazeneca/about/
Cyclopharma,http://cyclopharma.fr,None,None,None,2000,"3 Rue Marie Curie, Biopôle Clermont-Limagne, Saint-Beauzire, 63360, FR",None,https://www.linkedin.com/company/cyclopharma/about/
Eli Lilly and Company,http://www.lilly.com/,16 août 2023,None,Fabrication de produits pharmaceutiques,57114,"Lilly Corporate Center, Indianapolis, Indiana 46285, US",None,https://www.linkedin.com/company/eli-lilly-and-company/about/
Hikma Pharmaceuticals,http://www.hikma.com,15 août 2023,None,Fabrication de produits pharmaceutiques,10675,None,None,https://www.linkedin.com/company/hikma-pharmaceuticals/about/
None,None,None,None,None,None,None,None,https://www.linkedin.com/company/sanofi./about/
Fresenius Medical Care,http://www.freseniusmedicalcare.com,1 mars 2023,None,Hôpitaux et services de santé,51840,"Else-Kröner-Strasse 1, Bad Homburg, Frankfurt 61352, DE",None,https://www.linkedin.com/company/freseniusmedicalcare/about/
Laboratories GENPHARMA,http://www.genpharma.ma,None,None,None,2001,"254-260 Zone Industrielle, El Jadida, 24000, MA",None,https://www.linkedin.com/company/laboratories-genpharma/about/
Bayer,https://www.bayer.com/,16 août 2023,None,Fabrication de produits chimiques,95454,None,None,https://www.linkedin.com/company/bayer/about/
Laboratoire Deva Pharmaceutique,tel:0522331431,None,None,None,219,"Zone Industrielle Tit Melil N° 146-147 , Casablanca, Casablanca 20640, MA","301 Bd, Abdelmoumen Résidence riyad abdelmoumen Imm 445 A N° 5, Casablanca, Casablanca 20360, MA",https://www.linkedin.com/company/laboratoire-deva-pharmaceutique/about/
Pharmis,http://www.pharmis.com,None,None,None,63,"Praceta do Farol, Cascais, Lisbon 2750, PT","Cascais, PT",https://www.linkedin.com/company/pharmis-biofarmac-utica-lda/about/
AMANYS PHARMA,https://www.amanyspharma.com,None,+212537648500,Fabrication de produits pharmaceutiques,245,"Route secondaire 203, Route d'Akrach, Oum Azza , Aïn El Aouda, Rabat BP4631, MA","216, Bd Zerktouni, Casablanca, Casablanca BP4631, MA",https://www.linkedin.com/company/amanys-pharma/about/
Hyphadiet,https://hyphadiet.com,None,None,None,None,"9 RUE RAHAL EL MESKINI AGDAL, Agdal, Fès 30000, MA",None,https://www.linkedin.com/company/hyphadiet/about/
LEO Pharma France,http://www.leo-pharma.fr,None,None,None,208,"34-40, Rue Henri Regnault, Immeuble Ampère E+ - La Défense, Courbevoie, Île-de-France 92400, FR","39, Route de Chartres, Vernouillet, Centre-Val de Loire 28500, FR",https://www.linkedin.com/company/leo-pharma-france/about/
Sanofi,http://www.sanofi.com,1 mars 2023,None,Fabrication de produits pharmaceutiques,93354,None,None,https://www.linkedin.com/company/sanofi/about/
